-- phpMyAdmin SQL Dump
-- version 4.9.5
-- https://www.phpmyadmin.net/
--
-- Host: localhost:3306
-- Generation Time: Nov 26, 2020 at 05:48 AM
-- Server version: 10.3.24-MariaDB
-- PHP Version: 7.3.6

SET SQL_MODE = "NO_AUTO_VALUE_ON_ZERO";
SET AUTOCOMMIT = 0;
START TRANSACTION;
SET time_zone = "+00:00";


/*!40101 SET @OLD_CHARACTER_SET_CLIENT=@@CHARACTER_SET_CLIENT */;
/*!40101 SET @OLD_CHARACTER_SET_RESULTS=@@CHARACTER_SET_RESULTS */;
/*!40101 SET @OLD_COLLATION_CONNECTION=@@COLLATION_CONNECTION */;
/*!40101 SET NAMES utf8mb4 */;

--
-- Database: `db`
--

-- --------------------------------------------------------

--
-- Table structure for table `blogs`
--

CREATE TABLE `blogs` (
  `id` int(10) UNSIGNED NOT NULL,
  `title` varchar(255) COLLATE utf8mb4_unicode_ci NOT NULL,
  `slug` varchar(255) COLLATE utf8mb4_unicode_ci NOT NULL,
  `img` varchar(255) COLLATE utf8mb4_unicode_ci NOT NULL DEFAULT 'blog.png',
  `body` longtext COLLATE utf8mb4_unicode_ci NOT NULL,
  `view_count` int(11) NOT NULL DEFAULT 0,
  `status` tinyint(1) NOT NULL DEFAULT 0,
  `created_at` timestamp NULL DEFAULT NULL,
  `updated_at` timestamp NULL DEFAULT NULL
) ENGINE=InnoDB DEFAULT CHARSET=utf8mb4 COLLATE=utf8mb4_unicode_ci;

-- --------------------------------------------------------

--
-- Table structure for table `brands`
--

CREATE TABLE `brands` (
  `id` bigint(20) UNSIGNED NOT NULL,
  `name` varchar(255) COLLATE utf8mb4_unicode_ci NOT NULL,
  `Subcategory_id` int(10) UNSIGNED NOT NULL,
  `slug` varchar(255) COLLATE utf8mb4_unicode_ci NOT NULL,
  `img` varchar(255) COLLATE utf8mb4_unicode_ci NOT NULL DEFAULT 'default.png',
  `status` tinyint(1) NOT NULL DEFAULT 0,
  `created_at` timestamp NULL DEFAULT NULL,
  `updated_at` timestamp NULL DEFAULT NULL
) ENGINE=InnoDB DEFAULT CHARSET=utf8mb4 COLLATE=utf8mb4_unicode_ci;

--
-- Dumping data for table `brands`
--

INSERT INTO `brands` (`id`, `name`, `Subcategory_id`, `slug`, `img`, `status`, `created_at`, `updated_at`) VALUES
(1, 'Hp', 1, 'hp', 'hp-2020-10-27-5f982f0f4b2f1.jpg', 1, '2020-10-27 14:30:39', '2020-10-27 14:30:39'),
(3, 'Asus', 3, 'asus', 'asus-2020-10-27-5f984c7198885.jpg', 1, '2020-10-27 16:36:01', '2020-10-27 16:36:01'),
(4, 'Dell', 4, 'dell', 'dell-2020-10-27-5f984e6e681fe.jpg', 1, '2020-10-27 16:44:30', '2020-10-27 16:44:30'),
(6, 'Intel', 7, 'intel', 'intel-2020-10-28-5f99676d65dd9.jpg', 1, '2020-10-28 12:43:25', '2020-10-28 12:43:25'),
(7, 'A4Tech', 8, 'a4tech', 'a4tech-2020-10-28-5f99695d76efe.jpg', 1, '2020-10-28 12:51:41', '2020-10-28 12:51:41'),
(8, 'Gigabyte', 9, 'gigabyte', 'gigabyte-2020-10-28-5f996a5c64296.jpg', 1, '2020-10-28 12:55:56', '2020-10-28 12:55:56'),
(9, 'Transcend', 10, 'transcend', 'transcend-2020-10-28-5f996b678e920.jpg', 1, '2020-10-28 13:00:23', '2020-10-28 13:00:23'),
(10, 'Toshiba', 12, 'toshiba', 'toshiba-2020-10-31-5f9d3a6321b88.jpg', 1, '2020-10-31 10:20:19', '2020-10-31 10:20:19'),
(11, 'Samsung', 13, 'samsung', 'samsung-2020-10-31-5f9d3b94b5ab1.jpg', 1, '2020-10-31 10:25:24', '2020-10-31 10:25:24'),
(12, 'MSI', 14, 'msi', 'msi-2020-10-31-5f9d3cc52aeed.jpg', 1, '2020-10-31 10:30:29', '2020-10-31 10:30:29'),
(13, 'Logitech', 15, 'logitech', 'logitech-2020-10-31-5f9d3de3486b9.jpg', 1, '2020-10-31 10:35:15', '2020-10-31 10:35:15'),
(14, 'Rapoo', 16, 'rapoo', 'rapoo-2020-10-31-5f9d509ed1a52.jpg', 1, '2020-10-31 11:55:10', '2020-10-31 11:55:10'),
(15, 'Antec', 19, 'antec', 'antec-2020-10-31-5f9d52b881072.jpg', 1, '2020-10-31 12:04:08', '2020-10-31 12:04:08'),
(16, 'Huawei', 20, 'huawei', 'huawei-2020-10-31-5f9d53f32cf49.jpg', 1, '2020-10-31 12:09:23', '2020-10-31 12:09:23'),
(18, 'Gadmei', 22, 'gadmei', 'gadmei-2020-10-31-5f9d55c1a9a58.jpg', 1, '2020-10-31 12:17:05', '2020-10-31 12:17:05'),
(20, 'Apacer', 23, 'apacer', 'apacer-2020-10-31-5f9d56e112e44.jpg', 1, '2020-10-31 12:21:53', '2020-10-31 12:21:53'),
(21, 'HDMI', 24, 'hdmi', 'hdmi-2020-10-31-5f9d57c15c37e.jpg', 1, '2020-10-31 12:25:37', '2020-10-31 12:25:37'),
(22, 'Aspor', 25, 'aspor', 'aspor-2020-10-31-5f9d58859f7b6.jpg', 1, '2020-10-31 12:28:53', '2020-10-31 12:28:53'),
(23, 'Corsair', 26, 'corsair', 'corsair-2020-10-31-5f9d590873acb.jpg', 1, '2020-10-31 12:31:04', '2020-10-31 12:31:04'),
(24, 'TP-Link', 27, 'tp-link', 'tp-link-2020-10-31-5f9d5a4ed9ed5.jpg', 1, '2020-10-31 12:36:30', '2020-10-31 12:36:30'),
(25, 'IOGEAR', 29, 'iogear', 'iogear-2020-11-03-5fa146b27e28d.jpg', 1, '2020-11-03 12:01:54', '2020-11-03 12:01:54'),
(26, 'All Brands', 30, 'all-brands', 'all-brands-2020-11-03-5fa1477f20124.jpg', 1, '2020-11-03 12:05:19', '2020-11-03 12:05:19'),
(27, 'Ugreen USB', 31, 'ugreen-usb', 'ugreen-usb-2020-11-03-5fa1484405b47.jpg', 1, '2020-11-03 12:08:36', '2020-11-03 12:08:36'),
(28, 'Acer', 35, 'acer', 'acer-2020-11-04-5fa2915edc0c6.jpg', 1, '2020-11-04 11:32:47', '2020-11-04 11:32:47'),
(30, 'Others', 37, 'others', 'others-2020-11-04-5fa295f6a223a.jpg', 1, '2020-11-04 11:52:22', '2020-11-04 11:52:22'),
(32, 'twinMos', 39, 'twinmos', 'twinmos-2020-11-04-5fa298e7a21f7.jpg', 1, '2020-11-04 12:04:55', '2020-11-04 12:04:55'),
(33, 'Wacom', 40, 'wacom', 'wacom-2020-11-04-5fa2998766df1.jpg', 1, '2020-11-04 12:07:35', '2020-11-04 12:07:35'),
(34, 'Toten', 43, 'toten', 'toten-2020-11-04-5fa29bada0151.jpg', 1, '2020-11-04 12:16:45', '2020-11-04 12:16:45'),
(35, 'Apple', 47, 'apple', 'apple-2020-11-04-5fa29de4a9396.jpg', 1, '2020-11-04 12:26:12', '2020-11-04 12:26:12'),
(36, 'Lenovo', 51, 'lenovo', 'lenovo-2020-11-04-5fa29f68ad536.jpg', 1, '2020-11-04 12:32:40', '2020-11-04 12:32:40'),
(37, 'Tenda', 53, 'tenda', 'tenda-2020-11-04-5fa2a08485540.jpg', 1, '2020-11-04 12:37:24', '2020-11-04 12:37:24'),
(38, 'Ubiquiti', 54, 'ubiquiti', 'ubiquiti-2020-11-04-5fa2a1cc35061.jpg', 1, '2020-11-04 12:42:52', '2020-11-04 12:42:52'),
(39, 'Xaomi', 56, 'xaomi', 'xaomi-2020-11-04-5fa2a2fe786ff.jpg', 1, '2020-11-04 12:47:58', '2020-11-04 12:47:58'),
(40, 'Cisco', 57, 'cisco', 'cisco-2020-11-05-5fa3e5b20ec70.jpg', 1, '2020-11-05 11:44:50', '2020-11-05 11:44:50'),
(41, 'Trendnet', 58, 'trendnet', 'trendnet-2020-11-05-5fa3e7cd49edc.jpg', 1, '2020-11-05 11:53:49', '2020-11-05 11:53:49'),
(42, 'D-Link', 59, 'd-link', 'd-link-2020-11-05-5fa3e8ef7cae1.jpg', 1, '2020-11-05 11:58:39', '2020-11-05 11:58:39'),
(43, 'Hitachi', 65, 'hitachi', 'hitachi-2020-11-05-5fa3ec86ccd88.jpg', 1, '2020-11-05 12:13:58', '2020-11-05 12:13:58'),
(44, 'Canon', 73, 'canon', 'canon-2020-11-05-5fa3f3f541989.jpg', 1, '2020-11-05 12:45:41', '2020-11-05 12:45:41'),
(45, 'Epson', 74, 'epson', 'epson-2020-11-05-5fa3f580e26ef.jpg', 1, '2020-11-05 12:52:16', '2020-11-05 12:52:16'),
(46, 'Hiti', 75, 'hiti', 'hiti-2020-11-05-5fa3f69b643d3.jpg', 1, '2020-11-05 12:56:59', '2020-11-05 12:56:59'),
(47, 'Plustek', 76, 'plustek', 'plustek-2020-11-05-5fa3f7c63967d.jpg', 1, '2020-11-05 13:01:58', '2020-11-05 13:01:58'),
(48, 'Rongta', 78, 'rongta', 'rongta-2020-11-05-5fa3f9863c112.jpg', 1, '2020-11-05 13:09:26', '2020-11-05 13:09:26'),
(49, 'Zebra', 79, 'zebra', 'zebra-2020-11-05-5fa3fa4db6e16.jpg', 1, '2020-11-05 13:12:45', '2020-11-05 13:12:45'),
(50, 'Bixolon', 81, 'bixolon', 'bixolon-2020-11-05-5fa3fbc77d4d8.jpg', 1, '2020-11-05 13:19:03', '2020-11-05 13:19:03'),
(51, 'Ricoh', 82, 'ricoh', 'ricoh-2020-11-05-5fa3fce300b34.jpg', 1, '2020-11-05 13:23:47', '2020-11-05 13:23:47'),
(52, 'Sharp', 83, 'sharp', 'sharp-2020-11-05-5fa3fd6f23217.jpg', 1, '2020-11-05 13:26:07', '2020-11-05 13:26:07'),
(53, 'Outsourching', 5, 'outsourching', 'outsourching-2020-11-07-5fa6b380e197e.jpg', 1, '2020-11-07 14:47:29', '2020-11-07 14:47:29'),
(54, 'Official', 5, 'official', 'official-2020-11-07-5fa6b40749516.jpg', 1, '2020-11-07 14:49:43', '2020-11-07 14:49:43'),
(55, 'Home Use', 5, 'home-use', 'home-use-2020-11-07-5fa6b4a2901ca.jpg', 1, '2020-11-07 14:52:19', '2020-11-07 14:52:19'),
(56, 'Budget PC', 5, 'budget-pc', 'budget-pc-2020-11-07-5fa6b5593b3ba.jpg', 1, '2020-11-07 14:55:21', '2020-11-07 14:55:21'),
(57, 'Ryzen', 7, 'ryzen', 'ryzen-2020-11-14-5faf7c84c34da.jpg', 1, '2020-11-14 06:43:16', '2020-11-14 06:43:16'),
(58, 'Western Digital', 12, 'western-digital', 'western-digital-2020-11-14-5faf7ca83005b.jpg', 1, '2020-11-14 06:43:52', '2020-11-14 06:43:52');

-- --------------------------------------------------------

--
-- Table structure for table `categories`
--

CREATE TABLE `categories` (
  `id` bigint(20) UNSIGNED NOT NULL,
  `name` varchar(255) COLLATE utf8mb4_unicode_ci NOT NULL,
  `parent` int(11) DEFAULT NULL,
  `slug` varchar(255) COLLATE utf8mb4_unicode_ci NOT NULL,
  `img` varchar(255) COLLATE utf8mb4_unicode_ci NOT NULL DEFAULT 'default.png',
  `status` tinyint(1) NOT NULL DEFAULT 0,
  `created_at` timestamp NULL DEFAULT NULL,
  `updated_at` timestamp NULL DEFAULT NULL
) ENGINE=InnoDB DEFAULT CHARSET=utf8mb4 COLLATE=utf8mb4_unicode_ci;

--
-- Dumping data for table `categories`
--

INSERT INTO `categories` (`id`, `name`, `parent`, `slug`, `img`, `status`, `created_at`, `updated_at`) VALUES
(1, 'PC & Laptop', NULL, 'pc-laptop', 'default.png', 1, '2020-10-24 16:15:09', '2020-10-24 16:15:09'),
(2, 'CC Tv Camera', NULL, 'cc-tv-camera', 'default.png', 1, '2020-10-27 14:25:55', '2020-10-27 14:25:55'),
(3, 'Computer', NULL, 'computer', 'default.png', 1, '2020-10-27 14:38:15', '2020-10-27 14:38:15'),
(4, 'PC Parts', NULL, 'pc-parts', 'default.png', 1, '2020-10-28 12:38:41', '2020-10-28 12:38:41'),
(5, 'Laptop Accessories', NULL, 'laptop-accessories', 'default.png', 1, '2020-11-04 12:23:00', '2020-11-04 12:23:00'),
(6, 'Networking', NULL, 'networking', 'default.png', 1, '2020-11-04 12:35:05', '2020-11-04 12:35:05'),
(7, 'Projection', NULL, 'projection', 'default.png', 1, '2020-11-05 12:11:33', '2020-11-05 12:11:33'),
(8, 'Print & Scan', NULL, 'print-scan', 'default.png', 1, '2020-11-05 12:43:01', '2020-11-05 12:43:01');

-- --------------------------------------------------------

--
-- Table structure for table `failed_jobs`
--

CREATE TABLE `failed_jobs` (
  `id` bigint(20) UNSIGNED NOT NULL,
  `connection` text COLLATE utf8mb4_unicode_ci NOT NULL,
  `queue` text COLLATE utf8mb4_unicode_ci NOT NULL,
  `payload` longtext COLLATE utf8mb4_unicode_ci NOT NULL,
  `exception` longtext COLLATE utf8mb4_unicode_ci NOT NULL,
  `failed_at` timestamp NOT NULL DEFAULT current_timestamp()
) ENGINE=InnoDB DEFAULT CHARSET=utf8mb4 COLLATE=utf8mb4_unicode_ci;

-- --------------------------------------------------------

--
-- Table structure for table `features`
--

CREATE TABLE `features` (
  `id` bigint(20) UNSIGNED NOT NULL,
  `subcategory_id` int(10) UNSIGNED NOT NULL,
  `name` varchar(255) COLLATE utf8mb4_unicode_ci NOT NULL,
  `created_at` timestamp NULL DEFAULT NULL,
  `updated_at` timestamp NULL DEFAULT NULL
) ENGINE=InnoDB DEFAULT CHARSET=utf8mb4 COLLATE=utf8mb4_unicode_ci;

--
-- Dumping data for table `features`
--

INSERT INTO `features` (`id`, `subcategory_id`, `name`, `created_at`, `updated_at`) VALUES
(1, 1, 'Condition', '2020-10-27 14:31:58', '2020-10-27 14:31:58'),
(2, 1, 'Laptop Type', '2020-10-27 14:32:07', '2020-10-27 14:32:07'),
(3, 1, 'Processor Type', '2020-10-27 14:32:17', '2020-10-27 14:32:17'),
(4, 1, 'Processor Speed', '2020-10-27 14:32:26', '2020-10-27 14:32:26'),
(5, 1, 'Chipset', '2020-10-27 14:32:33', '2020-10-27 14:32:33'),
(6, 1, 'Screen Size', '2020-10-27 14:32:43', '2020-10-27 14:32:43'),
(7, 1, 'RAM', '2020-10-27 14:32:50', '2020-10-27 14:32:50'),
(8, 1, 'Hard Disk', '2020-10-27 14:33:04', '2020-10-27 14:33:04'),
(9, 1, 'Disk Type', '2020-10-27 14:33:12', '2020-10-27 14:33:12'),
(10, 1, 'Optical Drive', '2020-10-27 14:33:21', '2020-10-27 14:33:21'),
(11, 1, 'Graphics Card', '2020-10-27 14:33:31', '2020-10-27 14:33:31'),
(12, 1, 'Audio/Speaker', '2020-10-27 14:33:39', '2020-10-27 14:33:39'),
(13, 1, 'Networking', '2020-10-27 14:33:56', '2020-10-27 14:33:56'),
(14, 1, 'Webcam', '2020-10-27 14:34:04', '2020-10-27 14:34:04'),
(15, 1, 'Card Reader', '2020-10-27 14:34:10', '2020-10-27 14:34:10'),
(16, 1, 'Battery', '2020-10-27 14:34:18', '2020-10-27 14:34:18'),
(17, 1, 'Product Weight (Kg)', '2020-10-27 14:34:25', '2020-10-27 14:34:25'),
(20, 3, 'Screen Size', '2020-10-27 16:37:32', '2020-10-27 16:37:32'),
(21, 3, 'Panel', '2020-10-27 16:37:50', '2020-10-27 16:37:50'),
(22, 3, 'Contrast Ratio', '2020-10-27 16:38:05', '2020-10-27 16:38:05'),
(23, 3, 'Response Time', '2020-10-27 16:38:18', '2020-10-27 16:38:18'),
(24, 3, 'Resolution', '2020-10-27 16:38:37', '2020-10-27 16:38:37'),
(25, 3, 'Connectivity', '2020-10-27 16:38:48', '2020-10-27 16:38:48'),
(26, 3, 'Speaker Included', '2020-10-27 16:39:04', '2020-10-27 16:39:04'),
(27, 3, 'Other Features', '2020-10-27 16:39:25', '2020-10-27 16:39:25'),
(28, 4, 'Processor Type', '2020-10-27 16:45:04', '2020-10-27 16:45:04'),
(29, 4, 'Processor Speed', '2020-10-27 16:45:15', '2020-10-27 16:45:15'),
(30, 4, 'Monitor', '2020-10-27 16:45:37', '2020-10-27 16:45:37'),
(31, 4, 'RAM', '2020-10-27 16:45:48', '2020-10-27 16:45:48'),
(32, 4, 'Hard Disk', '2020-10-27 16:46:00', '2020-10-27 16:46:00'),
(33, 4, 'Disk Type', '2020-10-27 16:46:12', '2020-10-27 16:46:12'),
(34, 4, 'Graphics Card', '2020-10-27 16:46:26', '2020-10-27 16:46:26'),
(35, 4, 'Optical Drive', '2020-10-27 16:46:37', '2020-10-27 16:46:37'),
(36, 4, 'Audio / Speaker', '2020-10-27 16:46:47', '2020-10-27 16:46:47'),
(37, 4, 'Networking', '2020-10-27 16:46:59', '2020-10-27 16:46:59'),
(38, 4, 'Keyboard', '2020-10-27 16:47:13', '2020-10-27 16:47:13'),
(39, 4, 'Mouse', '2020-10-27 16:47:24', '2020-10-27 16:47:24'),
(40, 4, 'Software', '2020-10-27 16:47:34', '2020-10-27 16:47:34'),
(41, 4, 'Other Features', '2020-10-27 16:47:50', '2020-10-27 16:47:50'),
(42, 7, 'Processor Type', '2020-10-28 12:44:41', '2020-10-28 12:44:41'),
(43, 7, 'Processor Interface', '2020-10-28 12:44:55', '2020-10-28 12:44:55'),
(44, 7, 'Processor Speed', '2020-10-28 12:45:08', '2020-10-28 12:45:08'),
(45, 7, 'Cache', '2020-10-28 12:45:24', '2020-10-28 12:45:24'),
(46, 7, 'Power Consumption', '2020-10-28 12:45:37', '2020-10-28 12:45:37'),
(47, 8, 'Headphone Type', '2020-10-28 12:53:01', '2020-10-28 12:53:01'),
(48, 8, 'Connectivity', '2020-10-28 12:53:14', '2020-10-28 12:53:14'),
(49, 9, 'Motherboard Type', '2020-10-28 12:56:22', '2020-10-28 12:56:22'),
(50, 9, 'Chipset', '2020-10-28 12:56:55', '2020-10-28 12:56:55'),
(51, 9, 'Max Memory', '2020-10-28 12:57:08', '2020-10-28 12:57:08'),
(52, 9, 'Onboard Audio', '2020-10-28 12:57:20', '2020-10-28 12:57:20'),
(53, 9, 'Onboard LAN', '2020-10-28 12:57:32', '2020-10-28 12:57:32'),
(54, 10, 'Memory Platform', '2020-10-28 13:00:48', '2020-10-28 13:00:48'),
(55, 10, 'Capacity', '2020-10-28 13:00:59', '2020-10-28 13:00:59'),
(56, 10, 'Configuration (PIN)', '2020-10-28 13:01:33', '2020-10-28 13:01:33'),
(57, 10, 'Speed (MHz)', '2020-10-28 13:01:47', '2020-10-28 13:01:47'),
(58, 12, 'Disk Type', '2020-10-31 10:20:57', '2020-10-31 10:20:57'),
(59, 12, 'Disk Technology', '2020-10-31 10:21:23', '2020-10-31 10:21:23'),
(60, 12, 'Capacity', '2020-10-31 10:21:38', '2020-10-31 10:21:38'),
(61, 12, 'RPM', '2020-10-31 10:21:50', '2020-10-31 10:21:50'),
(62, 12, 'Data Buffer', '2020-10-31 10:22:12', '2020-10-31 10:22:12'),
(63, 12, 'Connectivity', '2020-10-31 10:22:32', '2020-10-31 10:22:32'),
(64, 12, 'Other Features', '2020-10-31 10:22:49', '2020-10-31 10:22:49'),
(65, 13, 'Disk Type', '2020-10-31 10:26:04', '2020-10-31 10:26:04'),
(66, 13, 'Capacity', '2020-10-31 10:26:15', '2020-10-31 10:26:15'),
(67, 13, 'Read Transfer Rate', '2020-10-31 10:26:41', '2020-10-31 10:26:41'),
(68, 13, 'Write Transfer Rate', '2020-10-31 10:27:05', '2020-10-31 10:27:05'),
(69, 13, 'Drive Size', '2020-10-31 10:27:20', '2020-10-31 10:27:20'),
(70, 13, 'Connectivity', '2020-10-31 10:27:33', '2020-10-31 10:27:33'),
(71, 14, 'Memory Type', '2020-10-31 10:31:02', '2020-10-31 10:31:02'),
(72, 14, 'Capacity (MB)', '2020-10-31 10:31:14', '2020-10-31 10:31:14'),
(73, 14, 'Clock Speed', '2020-10-31 10:31:28', '2020-10-31 10:31:28'),
(74, 14, 'Resolution', '2020-10-31 10:31:43', '2020-10-31 10:31:43'),
(75, 14, 'Graphics Processor', '2020-10-31 10:31:56', '2020-10-31 10:31:56'),
(76, 14, 'HDMI Output', '2020-10-31 10:32:11', '2020-10-31 10:32:11'),
(77, 14, 'Other Features', '2020-10-31 10:32:24', '2020-10-31 10:32:24'),
(78, 15, 'Mouse Type', '2020-10-31 10:35:51', '2020-10-31 10:35:51'),
(79, 15, 'Optical or Scroll Mouse', '2020-10-31 10:36:07', '2020-10-31 10:36:07'),
(80, 15, 'Number of Mouse Button', '2020-10-31 10:36:22', '2020-10-31 10:36:22'),
(81, 15, 'Connectivity', '2020-10-31 10:36:36', '2020-10-31 10:36:36'),
(82, 16, 'Keyboard Type', '2020-10-31 11:56:01', '2020-10-31 11:56:01'),
(83, 16, 'Keyboard Technology', '2020-10-31 11:56:13', '2020-10-31 11:56:13'),
(84, 16, 'Multimedia Keys', '2020-10-31 11:56:27', '2020-10-31 11:56:27'),
(85, 16, 'Connectivity', '2020-10-31 11:56:42', '2020-10-31 11:56:42'),
(86, 19, 'Dimesion', '2020-10-31 12:04:38', '2020-10-31 12:04:38'),
(87, 20, 'Max Speed', '2020-10-31 12:09:50', '2020-10-31 12:09:50'),
(88, 20, 'GPRS/EDGE/CDMA Supported', '2020-10-31 12:10:07', '2020-10-31 12:10:07'),
(89, 20, 'Connectivity', '2020-10-31 12:10:21', '2020-10-31 12:10:21'),
(90, 22, 'FM Radio', '2020-10-31 12:17:29', '2020-10-31 12:17:29'),
(91, 22, 'Mono or Stereo Audio', '2020-10-31 12:17:47', '2020-10-31 12:17:47'),
(92, 22, 'Remote', '2020-10-31 12:18:01', '2020-10-31 12:18:01'),
(93, 24, 'Cable Type', '2020-10-31 12:26:10', '2020-10-31 12:26:10'),
(94, 35, 'Condition', '2020-11-04 11:33:27', '2020-11-04 11:33:27'),
(95, 35, 'Laptop Type', '2020-11-04 11:33:40', '2020-11-04 11:33:40'),
(96, 35, 'Processor Type', '2020-11-04 11:33:52', '2020-11-04 11:33:52'),
(97, 35, 'Processor Speed', '2020-11-04 11:34:14', '2020-11-04 11:34:14'),
(98, 35, 'Chipset', '2020-11-04 11:34:28', '2020-11-04 11:34:28'),
(99, 35, 'Screen Size', '2020-11-04 11:34:41', '2020-11-04 11:34:41'),
(100, 35, 'RAM', '2020-11-04 11:34:59', '2020-11-04 11:34:59'),
(101, 35, 'Hard Disk', '2020-11-04 11:35:18', '2020-11-04 11:35:18'),
(102, 35, 'Disk Type', '2020-11-04 11:35:32', '2020-11-04 11:35:32'),
(103, 35, 'Optical Drive', '2020-11-04 11:36:19', '2020-11-04 11:36:19'),
(104, 35, 'Graphics Card', '2020-11-04 11:36:31', '2020-11-04 11:36:31'),
(105, 35, 'Audio/Speaker', '2020-11-04 11:36:44', '2020-11-04 11:36:44'),
(106, 35, 'Networking', '2020-11-04 11:36:57', '2020-11-04 11:36:57'),
(107, 35, 'Webcam', '2020-11-04 11:37:13', '2020-11-04 11:37:13'),
(108, 35, 'Battery', '2020-11-04 11:37:25', '2020-11-04 11:37:25'),
(109, 35, 'Product Weight (Kg)', '2020-11-04 11:37:40', '2020-11-04 11:37:40'),
(110, 36, 'Condition', '2020-11-04 11:43:38', '2020-11-04 11:43:38'),
(111, 36, 'Laptop Type', '2020-11-04 11:43:52', '2020-11-04 11:43:52'),
(112, 36, 'Processor Type', '2020-11-04 11:44:03', '2020-11-04 11:44:03'),
(113, 36, 'Processor Speed', '2020-11-04 11:44:16', '2020-11-04 11:44:16'),
(114, 36, 'Chipset', '2020-11-04 11:44:30', '2020-11-04 11:44:30'),
(115, 36, 'Screen Size', '2020-11-04 11:44:42', '2020-11-04 11:44:42'),
(116, 36, 'RAM', '2020-11-04 11:44:54', '2020-11-04 11:44:54'),
(117, 36, 'Hard Disk', '2020-11-04 11:45:07', '2020-11-04 11:45:07'),
(118, 36, 'Disk Type', '2020-11-04 11:45:18', '2020-11-04 11:45:18'),
(119, 36, 'Graphics Card', '2020-11-04 11:45:30', '2020-11-04 11:45:30'),
(120, 36, 'Audio/Speaker', '2020-11-04 11:45:50', '2020-11-04 11:45:50'),
(121, 36, 'Networking', '2020-11-04 11:46:01', '2020-11-04 11:46:01'),
(122, 36, 'Webcam', '2020-11-04 11:46:41', '2020-11-04 11:46:41'),
(123, 36, 'Battery', '2020-11-04 11:47:02', '2020-11-04 11:47:02'),
(124, 36, 'Product Weight (Kg)', '2020-11-04 11:47:17', '2020-11-04 11:47:17'),
(125, 37, 'Desktop Type', '2020-11-04 11:52:46', '2020-11-04 11:52:46'),
(126, 37, 'Processor Type', '2020-11-04 11:53:24', '2020-11-04 11:53:24'),
(127, 37, 'Processor Speed', '2020-11-04 11:53:36', '2020-11-04 11:53:36'),
(128, 37, 'Main Board', '2020-11-04 11:53:49', '2020-11-04 11:53:49'),
(129, 37, 'RAM', '2020-11-04 11:54:01', '2020-11-04 11:54:01'),
(130, 37, 'Hard Disk', '2020-11-04 11:54:14', '2020-11-04 11:54:14'),
(131, 37, 'Disk Type', '2020-11-04 11:54:29', '2020-11-04 11:54:29'),
(132, 37, 'Graphics Card', '2020-11-04 11:54:42', '2020-11-04 11:54:42'),
(133, 37, 'Audio / Speaker', '2020-11-04 11:54:53', '2020-11-04 11:54:53'),
(134, 37, 'Networking', '2020-11-04 11:55:59', '2020-11-04 11:55:59'),
(135, 37, 'Keyboard', '2020-11-04 11:56:10', '2020-11-04 11:56:10'),
(136, 37, 'Mouse', '2020-11-04 11:56:27', '2020-11-04 11:56:27'),
(137, 37, 'Modem', '2020-11-04 11:56:38', '2020-11-04 11:56:38'),
(138, 37, 'Casing', '2020-11-04 11:56:55', '2020-11-04 11:56:55'),
(139, 40, 'Brand', '2020-11-04 12:07:58', '2020-11-04 12:07:58'),
(140, 40, 'Graphics Tablet Type', '2020-11-04 12:08:09', '2020-11-04 12:08:09'),
(141, 42, 'Processor', '2020-11-04 12:12:32', '2020-11-04 12:12:32'),
(142, 42, 'Memory', '2020-11-04 12:12:44', '2020-11-04 12:12:44'),
(143, 42, 'Storage Controller', '2020-11-04 12:12:56', '2020-11-04 12:12:56'),
(144, 42, 'Connectivity', '2020-11-04 12:13:13', '2020-11-04 12:13:13'),
(145, 42, 'Power Supply', '2020-11-04 12:13:25', '2020-11-04 12:13:25'),
(146, 42, 'Operating System', '2020-11-04 12:13:36', '2020-11-04 12:13:36'),
(147, 44, 'Processor', '2020-11-04 12:18:34', '2020-11-04 12:18:34'),
(148, 44, 'Chipset', '2020-11-04 12:19:03', '2020-11-04 12:19:03'),
(149, 44, 'Memory', '2020-11-04 12:19:25', '2020-11-04 12:19:25'),
(150, 44, 'Storage', '2020-11-04 12:19:43', '2020-11-04 12:19:43'),
(151, 44, 'Optical Drive', '2020-11-04 12:19:54', '2020-11-04 12:19:54'),
(152, 44, 'Graphics', '2020-11-04 12:20:06', '2020-11-04 12:20:06'),
(153, 44, 'Operating System', '2020-11-04 12:20:19', '2020-11-04 12:20:19'),
(154, 53, 'Router Type', '2020-11-04 12:38:19', '2020-11-04 12:38:19'),
(155, 53, 'Antenna', '2020-11-04 12:38:30', '2020-11-04 12:38:30'),
(156, 53, 'Ports', '2020-11-04 12:38:41', '2020-11-04 12:38:41'),
(157, 53, 'Wi-Fi', '2020-11-04 12:38:53', '2020-11-04 12:38:53'),
(158, 53, 'WAN Port', '2020-11-04 12:39:05', '2020-11-04 12:39:05'),
(159, 53, 'Speed', '2020-11-04 12:39:17', '2020-11-04 12:39:17'),
(160, 53, 'Protocol', '2020-11-04 12:39:31', '2020-11-04 12:39:31'),
(161, 53, 'Range', '2020-11-04 12:39:42', '2020-11-04 12:39:42'),
(162, 53, 'Security', '2020-11-04 12:39:54', '2020-11-04 12:39:54'),
(163, 53, 'Other Features', '2020-11-04 12:40:22', '2020-11-04 12:40:22'),
(164, 54, 'LAN Connectivity', '2020-11-04 12:43:10', '2020-11-04 12:43:10'),
(165, 54, 'Wi-Fi', '2020-11-04 12:43:24', '2020-11-04 12:43:24'),
(166, 54, 'Speed', '2020-11-04 12:43:37', '2020-11-04 12:43:37'),
(167, 54, 'Security', '2020-11-04 12:43:53', '2020-11-04 12:43:53'),
(168, 56, 'Speed', '2020-11-04 12:48:41', '2020-11-04 12:48:41'),
(169, 57, 'Ports', '2020-11-05 11:45:10', '2020-11-05 11:45:10'),
(170, 57, 'Uplink Port', '2020-11-05 11:45:26', '2020-11-05 11:45:26'),
(171, 57, 'Speed', '2020-11-05 11:46:25', '2020-11-05 11:46:25'),
(172, 57, 'Protocol', '2020-11-05 11:48:32', '2020-11-05 11:48:32'),
(173, 57, 'Other Features', '2020-11-05 11:48:47', '2020-11-05 11:48:47'),
(174, 58, 'LAN Connectivity', '2020-11-05 11:54:15', '2020-11-05 11:54:15'),
(175, 58, 'Port', '2020-11-05 11:54:47', '2020-11-05 11:54:47'),
(176, 58, 'Speed', '2020-11-05 11:55:02', '2020-11-05 11:55:02'),
(177, 58, 'Protocol', '2020-11-05 11:55:15', '2020-11-05 11:55:15'),
(178, 58, 'System Requirements', '2020-11-05 11:55:28', '2020-11-05 11:55:28'),
(179, 59, 'Cable Type', '2020-11-05 11:58:57', '2020-11-05 11:58:57'),
(180, 59, 'Color', '2020-11-05 11:59:09', '2020-11-05 11:59:09'),
(181, 59, 'Length', '2020-11-05 11:59:24', '2020-11-05 11:59:24'),
(182, 60, 'Connector Type', '2020-11-05 12:02:04', '2020-11-05 12:02:04'),
(183, 60, 'Connector', '2020-11-05 12:02:18', '2020-11-05 12:02:18'),
(184, 60, 'Cable', '2020-11-05 12:02:33', '2020-11-05 12:02:33'),
(185, 63, 'Converter Type', '2020-11-05 12:08:13', '2020-11-05 12:08:13'),
(186, 65, 'Projection Method', '2020-11-05 12:14:44', '2020-11-05 12:14:44'),
(187, 65, 'Resolution', '2020-11-05 12:14:57', '2020-11-05 12:14:57'),
(188, 65, 'Image Size', '2020-11-05 12:15:09', '2020-11-05 12:15:09'),
(189, 65, 'Screen Distance', '2020-11-05 12:15:22', '2020-11-05 12:15:22'),
(190, 65, 'Brightness', '2020-11-05 12:15:38', '2020-11-05 12:15:38'),
(191, 65, 'Contrast', '2020-11-05 12:15:50', '2020-11-05 12:15:50'),
(192, 65, 'Lamp', '2020-11-05 12:16:01', '2020-11-05 12:16:01'),
(193, 65, 'Lens', '2020-11-05 12:16:14', '2020-11-05 12:16:14'),
(194, 65, 'Audio', '2020-11-05 12:16:45', '2020-11-05 12:16:45'),
(195, 65, 'Connector', '2020-11-05 12:16:58', '2020-11-05 12:16:58'),
(196, 65, 'Remote Control', '2020-11-05 12:17:10', '2020-11-05 12:17:10'),
(197, 65, 'Dimension', '2020-11-05 12:27:12', '2020-11-05 12:27:12'),
(198, 66, 'Projection Method', '2020-11-05 12:29:53', '2020-11-05 12:29:53'),
(199, 66, 'Resolution', '2020-11-05 12:30:05', '2020-11-05 12:30:05'),
(200, 66, 'Brightness', '2020-11-05 12:30:22', '2020-11-05 12:30:22'),
(201, 66, 'Contrast', '2020-11-05 12:30:36', '2020-11-05 12:30:36'),
(202, 67, 'Projection Method', '2020-11-05 12:32:30', '2020-11-05 12:32:30'),
(203, 69, 'Screen Type', '2020-11-05 12:36:05', '2020-11-05 12:36:05'),
(204, 69, 'Diagonal', '2020-11-05 12:36:18', '2020-11-05 12:36:18'),
(205, 69, 'Other Features', '2020-11-05 12:36:34', '2020-11-05 12:36:34'),
(206, 73, 'Copier Type', '2020-11-05 12:46:11', '2020-11-05 12:46:11'),
(207, 73, 'Warmup Time', '2020-11-05 12:46:59', '2020-11-05 12:46:59'),
(208, 73, 'First Copy Out Time', '2020-11-05 12:47:12', '2020-11-05 12:47:12'),
(209, 73, 'Black Copy Speed', '2020-11-05 12:47:24', '2020-11-05 12:47:24'),
(210, 73, 'Black Copy Resolution', '2020-11-05 12:47:36', '2020-11-05 12:47:36'),
(211, 73, 'Paper Size', '2020-11-05 12:47:50', '2020-11-05 12:47:50'),
(212, 73, 'Paper Tray', '2020-11-05 12:48:03', '2020-11-05 12:48:03'),
(213, 73, 'Zoom', '2020-11-05 12:48:17', '2020-11-05 12:48:17'),
(214, 73, 'Print Features', '2020-11-05 12:49:09', '2020-11-05 12:49:09'),
(215, 73, 'Scan Features', '2020-11-05 12:49:22', '2020-11-05 12:49:22'),
(216, 73, 'Fax Features', '2020-11-05 12:49:35', '2020-11-05 12:49:35'),
(217, 73, 'Connectivity', '2020-11-05 12:49:49', '2020-11-05 12:49:49'),
(218, 73, 'Other Features', '2020-11-05 12:50:04', '2020-11-05 12:50:04'),
(219, 74, 'Printer Type', '2020-11-05 12:52:36', '2020-11-05 12:52:36'),
(220, 74, 'Print Speed', '2020-11-05 12:52:50', '2020-11-05 12:52:50'),
(221, 74, 'Print Speed (Color)', '2020-11-05 12:53:03', '2020-11-05 12:53:03'),
(222, 74, 'Print Resolution', '2020-11-05 12:53:16', '2020-11-05 12:53:16'),
(223, 74, 'Print Resolution (Color)', '2020-11-05 12:53:29', '2020-11-05 12:53:29'),
(224, 74, 'Paper Size', '2020-11-05 12:53:42', '2020-11-05 12:53:42'),
(225, 74, 'Connectivity', '2020-11-05 12:53:56', '2020-11-05 12:53:56'),
(226, 74, 'Other Features', '2020-11-05 12:54:09', '2020-11-05 12:54:09'),
(227, 75, 'Print Speed', '2020-11-05 12:57:50', '2020-11-05 12:57:50'),
(228, 75, 'Print Resolution', '2020-11-05 12:58:02', '2020-11-05 12:58:02'),
(229, 75, 'Paper Size', '2020-11-05 12:58:14', '2020-11-05 12:58:14'),
(230, 75, 'Connectivity', '2020-11-05 12:58:27', '2020-11-05 12:58:27'),
(231, 75, 'Other Features', '2020-11-05 12:58:42', '2020-11-05 12:58:42'),
(232, 76, 'Scan Speed', '2020-11-05 13:02:20', '2020-11-05 13:02:20'),
(233, 76, 'Scan Resolution', '2020-11-05 13:02:33', '2020-11-05 13:02:33'),
(234, 76, 'Scanner Type', '2020-11-05 13:02:59', '2020-11-05 13:02:59'),
(235, 76, 'Connectivity', '2020-11-05 13:03:13', '2020-11-05 13:03:13'),
(236, 78, 'Print Speed', '2020-11-05 13:09:53', '2020-11-05 13:09:53'),
(237, 78, 'Print Resolution', '2020-11-05 13:10:35', '2020-11-05 13:10:35'),
(238, 78, 'Connectivity', '2020-11-05 13:10:48', '2020-11-05 13:10:48'),
(239, 78, 'Other Features', '2020-11-05 13:11:01', '2020-11-05 13:11:01'),
(240, 79, 'Print Technology', '2020-11-05 13:13:03', '2020-11-05 13:13:03'),
(241, 79, 'Resolution', '2020-11-05 13:13:15', '2020-11-05 13:13:15'),
(242, 79, 'Speed', '2020-11-05 13:13:26', '2020-11-05 13:13:26'),
(243, 79, 'Colors', '2020-11-05 13:13:36', '2020-11-05 13:13:36'),
(244, 79, 'Label Size', '2020-11-05 13:13:47', '2020-11-05 13:13:47'),
(245, 79, 'Roll', '2020-11-05 13:13:59', '2020-11-05 13:13:59'),
(246, 79, 'Connectivity', '2020-11-05 13:14:11', '2020-11-05 13:14:11'),
(247, 79, 'Dimesion', '2020-11-05 13:14:24', '2020-11-05 13:14:24'),
(248, 79, 'Other Features', '2020-11-05 13:14:39', '2020-11-05 13:14:39'),
(249, 81, 'Print Speed', '2020-11-05 13:19:26', '2020-11-05 13:19:26'),
(250, 81, 'Print Resolution', '2020-11-05 13:19:40', '2020-11-05 13:19:40'),
(251, 81, 'Paper Size', '2020-11-05 13:20:14', '2020-11-05 13:20:14'),
(252, 81, 'Paper Tray', '2020-11-05 13:20:32', '2020-11-05 13:20:32'),
(253, 84, 'Print Technology', '2020-11-05 13:28:52', '2020-11-05 13:28:52'),
(254, 84, 'Supported Models', '2020-11-05 13:29:05', '2020-11-05 13:29:05'),
(255, 84, 'Cartridge Color', '2020-11-05 13:29:19', '2020-11-05 13:29:19'),
(256, 84, 'Page Yield', '2020-11-05 13:29:31', '2020-11-05 13:29:31'),
(257, 87, 'Paper Size', '2020-11-05 13:36:25', '2020-11-05 13:36:25'),
(258, 5, 'Processor Type', '2020-11-07 14:58:20', '2020-11-07 14:58:20'),
(259, 5, 'Processor Speed', '2020-11-07 14:58:31', '2020-11-07 14:58:31'),
(260, 5, 'Main Board', '2020-11-07 14:58:42', '2020-11-07 14:58:42'),
(261, 5, 'Monitor', '2020-11-07 14:58:51', '2020-11-07 14:58:51'),
(262, 5, 'RAM', '2020-11-07 14:59:02', '2020-11-07 14:59:02'),
(263, 5, 'Hard Disk', '2020-11-07 14:59:12', '2020-11-07 14:59:12'),
(264, 5, 'SSD', '2020-11-07 14:59:25', '2020-11-07 14:59:25'),
(265, 5, 'Graphics Card', '2020-11-07 14:59:36', '2020-11-07 14:59:36'),
(266, 5, 'Optical Drive', '2020-11-07 14:59:45', '2020-11-07 14:59:45'),
(267, 5, 'Audio / Speaker	Port', '2020-11-07 14:59:58', '2020-11-07 14:59:58'),
(268, 5, 'Networking', '2020-11-07 15:00:07', '2020-11-07 15:00:07'),
(269, 5, 'Keyboard', '2020-11-07 15:00:16', '2020-11-07 15:00:16'),
(270, 5, 'Mouse', '2020-11-07 15:00:25', '2020-11-07 15:00:25'),
(271, 5, 'Casing', '2020-11-07 15:00:34', '2020-11-07 15:00:34'),
(272, 5, 'Software', '2020-11-07 15:00:43', '2020-11-07 15:00:43'),
(273, 5, 'Other Features', '2020-11-07 15:00:52', '2020-11-07 15:00:52'),
(274, 5, 'Warranty', '2020-11-07 15:01:01', '2020-11-07 15:01:01'),
(275, 5, 'Desktop Type', '2020-11-10 05:27:32', '2020-11-10 05:27:32'),
(276, 5, 'Processor Type', '2020-11-10 05:27:45', '2020-11-10 05:27:45'),
(277, 5, 'Processor Speed', '2020-11-10 05:27:57', '2020-11-10 05:27:57'),
(278, 5, 'Main Board', '2020-11-10 05:28:23', '2020-11-10 05:28:23'),
(279, 5, 'Monitor', '2020-11-10 05:28:37', '2020-11-10 05:28:37'),
(280, 5, 'RAM', '2020-11-10 05:28:54', '2020-11-10 05:28:54'),
(281, 5, 'Hard Disk', '2020-11-10 05:29:08', '2020-11-10 05:29:08'),
(282, 5, 'Disk Type', '2020-11-10 05:29:24', '2020-11-10 05:29:24'),
(283, 5, 'Graphics Card', '2020-11-10 05:30:28', '2020-11-10 05:30:28'),
(284, 5, 'Audio / Speaker', '2020-11-10 05:30:44', '2020-11-10 05:30:44'),
(285, 5, 'Networking', '2020-11-10 05:31:01', '2020-11-10 05:31:01'),
(286, 5, 'Keyboard', '2020-11-10 05:31:16', '2020-11-10 05:31:16'),
(287, 5, 'Mouse', '2020-11-10 05:31:30', '2020-11-10 05:31:30'),
(288, 5, 'Casing', '2020-11-10 05:31:46', '2020-11-10 05:31:46'),
(289, 6, 'Processor Type', '2020-11-10 05:33:44', '2020-11-10 05:33:44'),
(290, 6, 'Processor Speed', '2020-11-10 05:34:09', '2020-11-10 05:34:09'),
(291, 6, 'Main Board', '2020-11-10 05:34:23', '2020-11-10 05:34:23'),
(292, 6, 'Monitor', '2020-11-10 05:34:37', '2020-11-10 05:34:37'),
(293, 6, 'RAM', '2020-11-10 05:34:53', '2020-11-10 05:34:53'),
(294, 6, 'Hard Disk', '2020-11-10 05:35:35', '2020-11-10 05:35:35'),
(295, 6, 'Disk Type', '2020-11-10 05:35:49', '2020-11-10 05:35:49'),
(296, 6, 'Graphics Card', '2020-11-10 05:36:06', '2020-11-10 05:36:06'),
(297, 6, 'Audio / Speaker', '2020-11-10 05:36:22', '2020-11-10 05:36:22'),
(298, 6, 'Networking', '2020-11-10 05:36:43', '2020-11-10 05:36:43'),
(299, 6, 'Keyboard', '2020-11-10 05:37:17', '2020-11-10 05:37:17'),
(300, 6, 'Mouse', '2020-11-10 05:37:31', '2020-11-10 05:37:31'),
(301, 6, 'Modem', '2020-11-10 05:37:52', '2020-11-10 05:37:52'),
(302, 6, 'Casing', '2020-11-10 05:38:08', '2020-11-10 05:38:08'),
(303, 6, 'Software', '2020-11-10 05:38:30', '2020-11-10 05:38:30');

-- --------------------------------------------------------

--
-- Table structure for table `feature_values`
--

CREATE TABLE `feature_values` (
  `id` bigint(20) UNSIGNED NOT NULL,
  `feature_id` bigint(20) UNSIGNED NOT NULL,
  `item_id` bigint(20) UNSIGNED NOT NULL,
  `position` int(11) NOT NULL,
  `value` varchar(255) COLLATE utf8mb4_unicode_ci NOT NULL,
  `created_at` timestamp NULL DEFAULT NULL,
  `updated_at` timestamp NULL DEFAULT NULL
) ENGINE=InnoDB DEFAULT CHARSET=utf8mb4 COLLATE=utf8mb4_unicode_ci;

--
-- Dumping data for table `feature_values`
--

INSERT INTO `feature_values` (`id`, `feature_id`, `item_id`, `position`, `value`, `created_at`, `updated_at`) VALUES
(1, 42, 1, 0, 'Intel Core i5 3rd Gen', '2020-11-01 06:54:17', '2020-11-01 06:54:17'),
(2, 43, 1, 1, 'Model 3470_', '2020-11-01 06:54:17', '2020-11-01 06:54:17'),
(3, 44, 1, 2, '3.20GHZ up 3.60GHZ', '2020-11-01 06:54:17', '2020-11-01 06:54:17'),
(4, 45, 1, 3, '6Mb Smart Cache', '2020-11-01 06:54:17', '2020-11-01 06:54:17'),
(5, 46, 1, 4, 'N/A', '2020-11-01 06:54:17', '2020-11-01 06:54:17'),
(6, 42, 2, 0, 'Intel Core i5 3rd gen', '2020-11-01 06:58:18', '2020-11-01 06:58:18'),
(7, 43, 2, 1, 'Model 3333', '2020-11-01 06:58:18', '2020-11-01 06:58:18'),
(8, 44, 2, 2, '3.0GHZ up to 3.20GHZ', '2020-11-01 06:58:18', '2020-11-01 06:58:18'),
(9, 45, 2, 3, '6Mb Smart Cache', '2020-11-01 06:58:18', '2020-11-01 06:58:18'),
(10, 46, 2, 4, 'N/A', '2020-11-01 06:58:18', '2020-11-01 06:58:18'),
(11, 42, 3, 0, 'Intel Core i3 3rd Gen _', '2020-11-01 07:05:20', '2020-11-01 07:05:20'),
(12, 43, 3, 1, '3220', '2020-11-01 07:05:20', '2020-11-01 07:05:20'),
(13, 44, 3, 2, '3.30GHZ up 3.60GHZ', '2020-11-01 07:05:20', '2020-11-01 07:05:20'),
(14, 45, 3, 3, '3MB Cache', '2020-11-01 07:05:20', '2020-11-01 07:05:20'),
(15, 46, 3, 4, 'N/A', '2020-11-01 07:05:20', '2020-11-01 07:05:20'),
(16, 42, 4, 0, 'Intel Core i5 -1st Gen', '2020-11-01 07:07:20', '2020-11-01 07:07:20'),
(17, 43, 4, 1, '650-', '2020-11-01 07:07:20', '2020-11-01 07:07:20'),
(18, 44, 4, 2, '3.20GHZ up 3.40GHZ', '2020-11-01 07:07:20', '2020-11-01 07:07:20'),
(19, 45, 4, 3, '4MB Cache', '2020-11-01 07:07:20', '2020-11-01 07:07:20'),
(20, 46, 4, 4, 'N/A', '2020-11-01 07:07:20', '2020-11-01 07:07:20'),
(21, 42, 5, 0, 'Intel Core i3- 1st Generation', '2020-11-01 07:09:17', '2020-11-01 07:09:17'),
(22, 43, 5, 1, '540', '2020-11-01 07:09:17', '2020-11-01 07:09:17'),
(23, 44, 5, 2, '3.060GHZ', '2020-11-01 07:09:17', '2020-11-01 07:09:17'),
(24, 45, 5, 3, '4MB Cache', '2020-11-01 07:09:17', '2020-11-01 07:09:17'),
(25, 46, 5, 4, 'N/A', '2020-11-01 07:09:17', '2020-11-01 07:09:17'),
(26, 42, 6, 0, 'Intel Core i3 2nd Generation', '2020-11-01 09:05:18', '2020-11-01 09:05:18'),
(27, 43, 6, 1, '2100', '2020-11-01 09:05:18', '2020-11-01 09:05:18'),
(28, 44, 6, 2, '3.10GHZ up to 3.30GHZ', '2020-11-01 09:05:18', '2020-11-01 09:05:18'),
(29, 45, 6, 3, '3MB Cache', '2020-11-01 09:05:18', '2020-11-01 09:05:18'),
(30, 46, 6, 4, 'N/A', '2020-11-01 09:05:18', '2020-11-01 09:05:18'),
(31, 42, 7, 0, 'Intel Core i5 2nd Generation', '2020-11-01 09:08:17', '2020-11-01 09:08:17'),
(32, 43, 7, 1, '2400', '2020-11-01 09:08:17', '2020-11-01 09:08:17'),
(33, 44, 7, 2, '3.10GHZ up to 3.30GHZ', '2020-11-01 09:08:17', '2020-11-01 09:08:17'),
(34, 45, 7, 3, '6Mb cache', '2020-11-01 09:08:17', '2020-11-01 09:08:17'),
(35, 46, 7, 4, 'N/A', '2020-11-01 09:08:17', '2020-11-01 09:08:17'),
(36, 42, 8, 0, 'Intel Core i5 4th Gen', '2020-11-01 10:01:41', '2020-11-01 10:01:41'),
(37, 43, 8, 1, '4460', '2020-11-01 10:01:41', '2020-11-01 10:01:41'),
(38, 44, 8, 2, '3.20GHZ up 3.40GHZ', '2020-11-01 10:01:41', '2020-11-01 10:01:41'),
(39, 45, 8, 3, '6Mb Smart Cache', '2020-11-01 10:01:41', '2020-11-01 10:01:41'),
(40, 46, 8, 4, 'N/A', '2020-11-01 10:01:41', '2020-11-01 10:01:41'),
(41, 42, 9, 0, 'Intel Core i3 4th Gen 4130', '2020-11-01 10:03:42', '2020-11-01 10:03:42'),
(42, 43, 9, 1, 'Generation 4th  4130', '2020-11-01 10:03:42', '2020-11-01 10:03:42'),
(43, 44, 9, 2, '3.40GHZ', '2020-11-01 10:03:42', '2020-11-01 10:03:42'),
(44, 45, 9, 3, '3MB Cache', '2020-11-01 10:03:42', '2020-11-01 10:03:42'),
(45, 46, 9, 4, 'N/A', '2020-11-01 10:03:42', '2020-11-01 10:03:42'),
(46, 42, 10, 0, 'Intel Core i3 6th Generation', '2020-11-01 11:22:27', '2020-11-01 11:22:27'),
(47, 43, 10, 1, '6100T', '2020-11-01 11:22:27', '2020-11-01 11:22:27'),
(48, 44, 10, 2, '3M Cache, 3.20 GHz', '2020-11-01 11:22:27', '2020-11-01 11:22:27'),
(49, 45, 10, 3, 'N/A', '2020-11-01 11:22:27', '2020-11-01 11:22:27'),
(50, 46, 10, 4, 'N/A', '2020-11-01 11:22:27', '2020-11-01 11:22:27'),
(51, 42, 11, 0, 'Intel Core i5 6th Generation', '2020-11-01 11:24:37', '2020-11-01 11:24:37'),
(52, 43, 11, 1, '6402p', '2020-11-01 11:24:37', '2020-11-01 11:24:37'),
(53, 44, 11, 2, '2.80GHZ Up to 3.40GHZ', '2020-11-01 11:24:37', '2020-11-01 11:24:37'),
(54, 45, 11, 3, '6Mb Smart Cache', '2020-11-01 11:24:37', '2020-11-01 11:24:37'),
(55, 46, 11, 4, 'N/A', '2020-11-01 11:24:37', '2020-11-01 11:24:37'),
(56, 42, 12, 0, 'Intel Core i3 9th Generation', '2020-11-01 11:26:51', '2020-11-01 11:26:51'),
(57, 43, 12, 1, '9100F', '2020-11-01 11:26:51', '2020-11-01 11:26:51'),
(58, 44, 12, 2, '6M Cache, up to 4.20 GHz', '2020-11-01 11:26:51', '2020-11-01 11:26:51'),
(59, 45, 12, 3, '6Mb Smart Cache', '2020-11-01 11:26:51', '2020-11-01 11:26:51'),
(60, 46, 12, 4, 'N/A', '2020-11-01 11:26:51', '2020-11-01 11:26:51'),
(61, 42, 13, 0, 'Intel Core i5 9th Generation', '2020-11-01 11:28:48', '2020-11-01 11:28:48'),
(62, 43, 13, 1, '9400F', '2020-11-01 11:28:48', '2020-11-01 11:28:48'),
(63, 44, 13, 2, 'Speed 2.90 up to 4.10 GHz', '2020-11-01 11:28:48', '2020-11-01 11:28:48'),
(64, 45, 13, 3, 'Cores- 6 & Threads- 6', '2020-11-01 11:28:48', '2020-11-01 11:28:48'),
(65, 46, 13, 4, 'N/A', '2020-11-01 11:28:48', '2020-11-01 11:28:48'),
(66, 42, 14, 0, 'Intel 10th Gen Core i3 10100 Processor', '2020-11-01 11:31:14', '2020-11-01 11:31:14'),
(67, 43, 14, 1, '10100 Processor', '2020-11-01 11:31:14', '2020-11-01 11:31:14'),
(68, 44, 14, 2, 'Speed 3.60 up to 4.30 GHz', '2020-11-01 11:31:14', '2020-11-01 11:31:14'),
(69, 45, 14, 3, 'Cores- 4 & Threads- 8', '2020-11-01 11:31:14', '2020-11-01 11:31:14'),
(70, 46, 14, 4, 'N/A', '2020-11-01 11:31:14', '2020-11-01 11:31:14'),
(71, 42, 15, 0, 'Intel 10th Gen Core i5-10400 Processor', '2020-11-01 11:33:22', '2020-11-01 11:33:22'),
(72, 43, 15, 1, '10400 Processor', '2020-11-01 11:33:22', '2020-11-01 11:33:22'),
(73, 44, 15, 2, 'Clock Speed:2.90 GHz up to 4.30 GHz', '2020-11-01 11:33:22', '2020-11-01 11:33:22'),
(74, 45, 15, 3, 'Cores-6 & Threads-12 12 MB SmartCache', '2020-11-01 11:33:22', '2020-11-01 11:33:22'),
(75, 46, 15, 4, 'N/A', '2020-11-01 11:33:22', '2020-11-01 11:33:22'),
(76, 42, 16, 0, 'Intel Core i7 8th Gen', '2020-11-01 11:35:26', '2020-11-01 11:35:26'),
(77, 43, 16, 1, '8700K', '2020-11-01 11:35:26', '2020-11-01 11:35:26'),
(78, 44, 16, 2, 'Processor Base Frequency 3.70 GHz  Max Turbo Frequency 4.70 GHz', '2020-11-01 11:35:26', '2020-11-01 11:35:26'),
(79, 45, 16, 3, '12 MB Intel® Smart Cache', '2020-11-01 11:35:26', '2020-11-01 11:35:26'),
(80, 46, 16, 4, 'N/A', '2020-11-01 11:35:26', '2020-11-01 11:35:26'),
(81, 42, 17, 0, 'Intel Core i7 3rd Generation', '2020-11-01 14:16:56', '2020-11-01 14:16:56'),
(82, 43, 17, 1, '3770', '2020-11-01 14:16:56', '2020-11-01 14:16:56'),
(83, 44, 17, 2, '3.40GHZ up to 3.80GHZ', '2020-11-01 14:16:56', '2020-11-01 14:16:56'),
(84, 45, 17, 3, '8Mb Smart Cache', '2020-11-01 14:16:56', '2020-11-01 14:16:56'),
(85, 46, 17, 4, 'N/A', '2020-11-01 14:16:56', '2020-11-01 14:16:56'),
(86, 42, 18, 0, 'Intel Core i7 4th Generation', '2020-11-01 14:21:13', '2020-11-01 14:21:13'),
(87, 43, 18, 1, '4770', '2020-11-01 14:21:13', '2020-11-01 14:21:13'),
(88, 44, 18, 2, '3.40GHZ up to 3.80GHZ', '2020-11-01 14:21:13', '2020-11-01 14:21:13'),
(89, 45, 18, 3, '8MB Cache', '2020-11-01 14:21:13', '2020-11-01 14:21:13'),
(90, 46, 18, 4, 'N/A', '2020-11-01 14:21:13', '2020-11-01 14:21:13'),
(91, 49, 19, 0, 'Desktop Motherboard Gigabyte', '2020-11-01 14:25:10', '2020-11-01 14:25:10'),
(92, 50, 19, 1, 'Intel Chipset', '2020-11-01 14:25:10', '2020-11-01 14:25:10'),
(93, 51, 19, 2, '16GB DDR3 Support', '2020-11-01 14:25:10', '2020-11-01 14:25:10'),
(94, 52, 19, 3, 'HD Real tech', '2020-11-01 14:25:10', '2020-11-01 14:25:10'),
(95, 53, 19, 4, '100/1000MBPS', '2020-11-01 14:25:10', '2020-11-01 14:25:10'),
(96, 49, 20, 0, 'Desktop Motherboard Gigabyte', '2020-11-01 14:31:21', '2020-11-01 14:31:21'),
(97, 50, 20, 1, 'Intel Chipset', '2020-11-01 14:31:21', '2020-11-01 14:31:21'),
(98, 51, 20, 2, '8GB DDR3 1333 BUS', '2020-11-01 14:31:21', '2020-11-01 14:31:21'),
(99, 52, 20, 3, 'HD Real tech', '2020-11-01 14:31:21', '2020-11-01 14:31:21'),
(100, 53, 20, 4, '100/1000MBPS', '2020-11-01 14:31:21', '2020-11-01 14:31:21'),
(101, 49, 21, 0, 'Desktop Motherboard Gigabyte', '2020-11-01 14:33:18', '2020-11-01 14:33:18'),
(102, 50, 21, 1, 'Intel Chipset', '2020-11-01 14:33:18', '2020-11-01 14:33:18'),
(103, 51, 21, 2, '16GB DDR3 Support', '2020-11-01 14:33:18', '2020-11-01 14:33:18'),
(104, 52, 21, 3, 'HD Real tech', '2020-11-01 14:33:18', '2020-11-01 14:33:18'),
(105, 53, 21, 4, '100/1000MBPS', '2020-11-01 14:33:18', '2020-11-01 14:33:18'),
(106, 49, 22, 0, 'Desktop Motherboard Gigabyte', '2020-11-01 14:37:52', '2020-11-01 14:37:52'),
(107, 50, 22, 1, 'Intel Chipset', '2020-11-01 14:37:52', '2020-11-01 14:37:52'),
(108, 51, 22, 2, '32GB DDR4', '2020-11-01 14:37:52', '2020-11-01 14:37:52'),
(109, 52, 22, 3, 'HD Real tech', '2020-11-01 14:37:52', '2020-11-01 14:37:52'),
(110, 53, 22, 4, '100/1000MBPS', '2020-11-01 14:37:52', '2020-11-01 14:37:52'),
(111, 42, 23, 0, 'Intel Core 2duo', '2020-11-07 06:20:56', '2020-11-07 06:20:56'),
(112, 43, 23, 1, 'E7400', '2020-11-07 06:20:56', '2020-11-07 06:20:56'),
(113, 44, 23, 2, 'Intel® Core™2 Duo Processor E7400 3M Cache, 2.80 GHz, 1066 MHz FSB', '2020-11-07 06:20:56', '2020-11-07 06:20:56'),
(114, 45, 23, 3, '3MB Cache', '2020-11-07 06:20:56', '2020-11-07 06:20:56'),
(115, 46, 23, 4, 'N/A', '2020-11-07 06:20:56', '2020-11-07 06:20:56'),
(116, 42, 24, 0, 'Intel Core 2 duo T9600', '2020-11-07 06:24:10', '2020-11-07 06:24:10'),
(117, 43, 24, 1, 'N/A', '2020-11-07 06:24:10', '2020-11-07 06:24:10'),
(118, 44, 24, 2, 'Intel® Core™2 Duo Processor T9600 6M Cache, 2.80 GHz, 1066 MHz FSB', '2020-11-07 06:24:10', '2020-11-07 06:24:10'),
(119, 45, 24, 3, 'N/A', '2020-11-07 06:24:10', '2020-11-07 06:24:10'),
(120, 46, 24, 4, 'N/A', '2020-11-07 06:24:10', '2020-11-07 06:24:10'),
(121, 42, 25, 0, 'Intel® Core™ i3-3240 Processor', '2020-11-07 06:26:22', '2020-11-07 06:26:22'),
(122, 43, 25, 1, 'N/A', '2020-11-07 06:26:22', '2020-11-07 06:26:22'),
(123, 44, 25, 2, 'Intel® Core™ i3-3240 Processor 3M Cache, 3.40 GHz', '2020-11-07 06:26:22', '2020-11-07 06:26:22'),
(124, 45, 25, 3, 'N/A', '2020-11-07 06:26:22', '2020-11-07 06:26:22'),
(125, 46, 25, 4, 'N/A', '2020-11-07 06:26:22', '2020-11-07 06:26:22'),
(126, 42, 26, 0, 'Intel® Core™ i3-3220 Processor', '2020-11-07 06:28:18', '2020-11-07 06:28:18'),
(127, 43, 26, 1, 'N/A', '2020-11-07 06:28:18', '2020-11-07 06:28:18'),
(128, 44, 26, 2, 'Intel® Core™ i3-3220 Processor 3M Cache, 3.30 GHz', '2020-11-07 06:28:18', '2020-11-07 06:28:18'),
(129, 45, 26, 3, 'N/A', '2020-11-07 06:28:18', '2020-11-07 06:28:18'),
(130, 46, 26, 4, 'N/A', '2020-11-07 06:28:18', '2020-11-07 06:28:18'),
(131, 42, 27, 0, 'Intel® Core™ i3-2100 Processor', '2020-11-07 06:30:24', '2020-11-07 06:30:24'),
(132, 43, 27, 1, 'N/A', '2020-11-07 06:30:24', '2020-11-07 06:30:24'),
(133, 44, 27, 2, 'Intel® Core™ i3-2100 Processor 3M Cache, 3.10 GHz', '2020-11-07 06:30:24', '2020-11-07 06:30:24'),
(134, 45, 27, 3, 'N/A', '2020-11-07 06:30:24', '2020-11-07 06:30:24'),
(135, 46, 27, 4, 'N/A', '2020-11-07 06:30:24', '2020-11-07 06:30:24'),
(136, 42, 28, 0, 'Intel® Core™ i3-3240T Processor', '2020-11-07 06:32:30', '2020-11-07 06:32:30'),
(137, 43, 28, 1, 'N/A', '2020-11-07 06:32:30', '2020-11-07 06:32:30'),
(138, 44, 28, 2, 'Intel® Core™ i3-3240T Processor 3M Cache, 2.90 GHz', '2020-11-07 06:32:30', '2020-11-07 06:32:30'),
(139, 45, 28, 3, 'N/A', '2020-11-07 06:32:30', '2020-11-07 06:32:30'),
(140, 46, 28, 4, 'N/A', '2020-11-07 06:32:30', '2020-11-07 06:32:30'),
(141, 42, 29, 0, 'Intel® Core™ i3-2120 Processor', '2020-11-07 06:34:27', '2020-11-07 06:34:27'),
(142, 43, 29, 1, 'N/A', '2020-11-07 06:34:27', '2020-11-07 06:34:27'),
(143, 44, 29, 2, 'Intel® Core™ i3-2120 Processor 3M Cache, 3.30 GHz', '2020-11-07 06:34:27', '2020-11-07 06:34:27'),
(144, 45, 29, 3, 'N/A', '2020-11-07 06:34:27', '2020-11-07 06:34:27'),
(145, 46, 29, 4, 'N/A', '2020-11-07 06:34:27', '2020-11-07 06:34:27'),
(146, 42, 30, 0, 'Intel® Core™ i3-4130 Processor', '2020-11-07 06:36:46', '2020-11-07 06:36:46'),
(147, 43, 30, 1, 'N/A', '2020-11-07 06:36:46', '2020-11-07 06:36:46'),
(148, 44, 30, 2, 'Intel® Core™ i3-4130 Processor 3M Cache, 3.40 GHz', '2020-11-07 06:36:46', '2020-11-07 06:36:46'),
(149, 45, 30, 3, 'N/A', '2020-11-07 06:36:46', '2020-11-07 06:36:46'),
(150, 46, 30, 4, 'N/A', '2020-11-07 06:36:46', '2020-11-07 06:36:46'),
(151, 42, 31, 0, 'Intel® Core™ i3-4130T Processor', '2020-11-07 06:38:59', '2020-11-07 06:38:59'),
(152, 43, 31, 1, 'N/A', '2020-11-07 06:38:59', '2020-11-07 06:38:59'),
(153, 44, 31, 2, 'Intel® Core™ i3-4130T Processor 3M Cache, 2.90 GHz', '2020-11-07 06:38:59', '2020-11-07 06:38:59'),
(154, 45, 31, 3, 'N/A', '2020-11-07 06:38:59', '2020-11-07 06:38:59'),
(155, 46, 31, 4, 'N/A', '2020-11-07 06:38:59', '2020-11-07 06:38:59'),
(156, 42, 32, 0, 'Intel® Core™ i3-4160 Processor', '2020-11-07 06:41:14', '2020-11-07 06:41:14'),
(157, 43, 32, 1, 'N/A', '2020-11-07 06:41:14', '2020-11-07 06:41:14'),
(158, 44, 32, 2, 'Intel® Core™ i3-4160 Processor 3M Cache, 3.60 GHz', '2020-11-07 06:41:14', '2020-11-07 06:41:14'),
(159, 45, 32, 3, 'N/A', '2020-11-07 06:41:14', '2020-11-07 06:41:14'),
(160, 46, 32, 4, 'N/A', '2020-11-07 06:41:14', '2020-11-07 06:41:14'),
(161, 42, 33, 0, 'Intel® Core™ i3-4150 Processor', '2020-11-07 06:44:49', '2020-11-07 06:44:49'),
(162, 43, 33, 1, 'N/A', '2020-11-07 06:44:49', '2020-11-07 06:44:49'),
(163, 44, 33, 2, 'Intel® Core™ i3-4150 Processor 3M Cache, 3.50 GHz', '2020-11-07 06:44:49', '2020-11-07 06:44:49'),
(164, 45, 33, 3, 'N/A', '2020-11-07 06:44:49', '2020-11-07 06:44:49'),
(165, 46, 33, 4, 'N/A', '2020-11-07 06:44:49', '2020-11-07 06:44:49'),
(166, 42, 34, 0, 'Intel® Core™ i3-4170 Processor', '2020-11-07 06:47:13', '2020-11-07 06:47:13'),
(167, 43, 34, 1, 'N/A', '2020-11-07 06:47:13', '2020-11-07 06:47:13'),
(168, 44, 34, 2, 'Intel® Core™ i3-4170 Processor 3M Cache, 3.70 GHz', '2020-11-07 06:47:13', '2020-11-07 06:47:13'),
(169, 45, 34, 3, 'N/A', '2020-11-07 06:47:13', '2020-11-07 06:47:13'),
(170, 46, 34, 4, 'N/A', '2020-11-07 06:47:13', '2020-11-07 06:47:13'),
(171, 42, 35, 0, 'Intel® Core™ i3-6100 Processor', '2020-11-07 06:51:28', '2020-11-07 06:51:28'),
(172, 43, 35, 1, 'N/A', '2020-11-07 06:51:28', '2020-11-07 06:51:28'),
(173, 44, 35, 2, 'Intel® Core™ i3-6100 Processor 3M Cache, 3.70 GHz', '2020-11-07 06:51:28', '2020-11-07 06:51:28'),
(174, 45, 35, 3, 'N/A', '2020-11-07 06:51:28', '2020-11-07 06:51:28'),
(175, 46, 35, 4, 'N/A', '2020-11-07 06:51:28', '2020-11-07 06:51:28'),
(176, 42, 36, 0, 'Intel® Core™ i3-6100T Processor', '2020-11-07 06:55:37', '2020-11-07 06:55:37'),
(177, 43, 36, 1, 'N/A', '2020-11-07 06:55:37', '2020-11-07 06:55:37'),
(178, 44, 36, 2, 'Intel® Core™ i3-6100T Processor 3M Cache, 3.20 GHz', '2020-11-07 06:55:37', '2020-11-07 06:55:37'),
(179, 45, 36, 3, 'N/A', '2020-11-07 06:55:37', '2020-11-07 06:55:37'),
(180, 46, 36, 4, 'N/A', '2020-11-07 06:55:37', '2020-11-07 06:55:37'),
(181, 42, 37, 0, 'Intel® Core™ i3-7100 Processor', '2020-11-07 07:01:11', '2020-11-07 07:01:11'),
(182, 43, 37, 1, 'N/A', '2020-11-07 07:01:11', '2020-11-07 07:01:11'),
(183, 44, 37, 2, 'Intel® Core™ i3-7100 Processor 3M Cache, 3.90 GHz', '2020-11-07 07:01:11', '2020-11-07 07:01:11'),
(184, 45, 37, 3, 'N/A', '2020-11-07 07:01:11', '2020-11-07 07:01:11'),
(185, 46, 37, 4, 'N/A', '2020-11-07 07:01:11', '2020-11-07 07:01:11'),
(186, 42, 38, 0, 'Intel® Core™ i3-7100T Processor', '2020-11-07 07:09:30', '2020-11-07 07:09:30'),
(187, 43, 38, 1, 'N/A', '2020-11-07 07:09:30', '2020-11-07 07:09:30'),
(188, 44, 38, 2, 'Intel® Core™ i3-7100T Processor 3M Cache, 3.40 GHz', '2020-11-07 07:09:30', '2020-11-07 07:09:30'),
(189, 45, 38, 3, 'N/A', '2020-11-07 07:09:30', '2020-11-07 07:09:30'),
(190, 46, 38, 4, 'N/A', '2020-11-07 07:09:30', '2020-11-07 07:09:30'),
(191, 49, 39, 0, 'Desktop Motherboard', '2020-11-07 07:12:55', '2020-11-07 07:12:55'),
(192, 50, 39, 1, 'Intelchipset', '2020-11-07 07:12:55', '2020-11-07 07:12:55'),
(193, 51, 39, 2, '4GB Support 800 BUS', '2020-11-07 07:12:55', '2020-11-07 07:12:55'),
(194, 52, 39, 3, 'HD Real tech', '2020-11-07 07:12:55', '2020-11-07 07:12:55'),
(195, 53, 39, 4, '100/1000MBPS', '2020-11-07 07:12:55', '2020-11-07 07:12:55'),
(196, 49, 40, 0, 'Desktop Motherboard Gigabyte', '2020-11-07 07:14:56', '2020-11-07 07:14:56'),
(197, 50, 40, 1, 'Intel Chipset G-41 Combo', '2020-11-07 07:14:56', '2020-11-07 07:14:56'),
(198, 51, 40, 2, '16GB DDR2/DDR3 Support', '2020-11-07 07:14:56', '2020-11-07 07:14:56'),
(199, 52, 40, 3, 'HD Real tech', '2020-11-07 07:14:56', '2020-11-07 07:14:56'),
(200, 53, 40, 4, '100/1000MBPS', '2020-11-07 07:14:56', '2020-11-07 07:14:56'),
(201, 49, 41, 0, 'Desktop Motherboard Gigabyte', '2020-11-07 07:18:17', '2020-11-07 07:18:17'),
(202, 50, 41, 1, 'Intel Chipset G-41 S2P', '2020-11-07 07:18:17', '2020-11-07 07:18:17'),
(203, 51, 41, 2, '16GB DDR3 Support', '2020-11-07 07:18:17', '2020-11-07 07:18:17'),
(204, 52, 41, 3, 'HD Real tech', '2020-11-07 07:18:17', '2020-11-07 07:18:17'),
(205, 53, 41, 4, '100/1000MBPS', '2020-11-07 07:18:17', '2020-11-07 07:18:17'),
(206, 49, 42, 0, 'Desktop Motherboard Gigabyte', '2020-11-07 07:25:07', '2020-11-07 07:25:07'),
(207, 50, 42, 1, 'Intel Chipset H-55M', '2020-11-07 07:25:07', '2020-11-07 07:25:07'),
(208, 51, 42, 2, '16GB DDR3 Support', '2020-11-07 07:25:07', '2020-11-07 07:25:07'),
(209, 52, 42, 3, 'HD Real tech', '2020-11-07 07:25:07', '2020-11-07 07:25:07'),
(210, 53, 42, 4, '100/1000MBPS', '2020-11-07 07:25:07', '2020-11-07 07:25:07'),
(211, 49, 43, 0, 'Desktop Motherboard Gigabyte', '2020-11-07 07:29:14', '2020-11-07 07:29:14'),
(212, 50, 43, 1, 'Intel Chipset H61M-DS2V', '2020-11-07 07:29:14', '2020-11-07 07:29:14'),
(213, 51, 43, 2, '16GB DDR3 Support', '2020-11-07 07:29:14', '2020-11-07 07:29:14'),
(214, 52, 43, 3, 'HD Real tech', '2020-11-07 07:29:14', '2020-11-07 07:29:14'),
(215, 53, 43, 4, '100/1000MBPS', '2020-11-07 07:29:14', '2020-11-07 07:29:14'),
(216, 258, 44, 0, 'Intel Core i3 540 Model', '2020-11-07 15:07:05', '2020-11-07 15:07:05'),
(217, 259, 44, 1, '3.060GHZ 4MB Cache', '2020-11-07 15:07:05', '2020-11-07 15:07:05'),
(218, 260, 44, 2, 'Intel chip H-55M Model', '2020-11-07 15:07:05', '2020-11-07 15:07:05'),
(219, 261, 44, 3, 'Monitor 17\" LED Gigasonic Brand', '2020-11-07 15:07:05', '2020-11-07 15:07:05'),
(220, 262, 44, 4, 'Ram DDR3-4GB', '2020-11-07 15:07:05', '2020-11-07 15:07:05'),
(221, 263, 44, 5, 'HDD 500GB Sata Samsung / WD', '2020-11-07 15:07:05', '2020-11-07 15:07:05'),
(222, 264, 44, 6, 'N/A', '2020-11-07 15:07:05', '2020-11-07 15:07:05'),
(223, 265, 44, 7, '1GB Graphics on Board', '2020-11-07 15:07:05', '2020-11-07 15:07:05'),
(224, 266, 44, 8, 'N/A', '2020-11-07 15:07:05', '2020-11-07 15:07:05'),
(225, 267, 44, 9, 'HD Realtech', '2020-11-07 15:07:05', '2020-11-07 15:07:05'),
(226, 268, 44, 10, '100/1000MBPS', '2020-11-07 15:07:05', '2020-11-07 15:07:05'),
(227, 269, 44, 11, 'USB Standard', '2020-11-07 15:07:05', '2020-11-07 15:07:05'),
(228, 270, 44, 12, 'USB Mouse Dell Brand', '2020-11-07 15:07:05', '2020-11-07 15:07:05'),
(229, 271, 44, 13, 'Casing ATX Mixed Brand', '2020-11-07 15:07:05', '2020-11-07 15:07:05'),
(230, 272, 44, 14, 'Free dous', '2020-11-07 15:07:05', '2020-11-07 15:07:05'),
(231, 273, 44, 15, 'N/A', '2020-11-07 15:07:05', '2020-11-07 15:07:05'),
(232, 274, 44, 16, '1 Year Replace', '2020-11-07 15:07:05', '2020-11-07 15:07:05'),
(233, 258, 45, 0, 'Intel Core i3-530', '2020-11-07 15:15:53', '2020-11-07 15:15:53'),
(234, 259, 45, 1, '2.930GHZ 4MB Cache', '2020-11-07 15:15:53', '2020-11-07 15:15:53'),
(235, 260, 45, 2, 'Intel Chip -H55M', '2020-11-07 15:15:53', '2020-11-07 15:15:53'),
(236, 261, 45, 3, 'Monitor 17\" LED HD Square', '2020-11-07 15:15:53', '2020-11-07 15:15:53'),
(237, 262, 45, 4, '4GB Ram DDR3 1333 BUS', '2020-11-07 15:15:53', '2020-11-07 15:15:53'),
(238, 263, 45, 5, 'Sata -500GB HDD 7200RPM', '2020-11-07 15:15:53', '2020-11-07 15:15:53'),
(239, 264, 45, 6, 'N/A', '2020-11-07 15:15:53', '2020-11-07 15:15:53'),
(240, 265, 45, 7, '1GB Graphics on Board', '2020-11-07 15:15:53', '2020-11-07 15:15:53'),
(241, 266, 45, 8, 'N/A', '2020-11-07 15:15:53', '2020-11-07 15:15:53'),
(242, 267, 45, 9, 'HD Realtech', '2020-11-07 15:15:53', '2020-11-07 15:15:53'),
(243, 268, 45, 10, '100/1000MBPS', '2020-11-07 15:15:53', '2020-11-07 15:15:53'),
(244, 269, 45, 11, 'USB Standard As Tech', '2020-11-07 15:15:53', '2020-11-07 15:15:53'),
(245, 270, 45, 12, 'USB Mouse Dell Brand', '2020-11-07 15:15:53', '2020-11-07 15:15:53'),
(246, 271, 45, 13, 'Casing ATX Mixed Brand', '2020-11-07 15:15:53', '2020-11-07 15:15:53'),
(247, 272, 45, 14, 'Free dous', '2020-11-07 15:15:53', '2020-11-07 15:15:53'),
(248, 273, 45, 15, 'N/A', '2020-11-07 15:15:53', '2020-11-07 15:15:53'),
(249, 274, 45, 16, '1 Year Replace', '2020-11-07 15:15:53', '2020-11-07 15:15:53'),
(250, 258, 46, 0, 'Intel Processor Core i3-550', '2020-11-07 15:23:25', '2020-11-07 15:23:25'),
(251, 259, 46, 1, '3.20GHZ 4MB Cache 1156 Socket', '2020-11-07 15:23:25', '2020-11-07 15:23:25'),
(252, 260, 46, 2, 'MB Intel Chip H-55M Series', '2020-11-07 15:23:25', '2020-11-07 15:23:25'),
(253, 261, 46, 3, 'HD 17\" LED Monitor Gigasonic', '2020-11-07 15:23:25', '2020-11-07 15:23:25'),
(254, 262, 46, 4, 'Ram -4GB DDR3 1333 BUS', '2020-11-07 15:23:25', '2020-11-07 15:23:25'),
(255, 263, 46, 5, 'N/A', '2020-11-07 15:23:25', '2020-11-07 15:23:25'),
(256, 264, 46, 6, 'Sata  -120GB WD 2.5\"', '2020-11-07 15:23:25', '2020-11-07 15:23:25'),
(257, 265, 46, 7, '1GB Graphics on Board', '2020-11-07 15:23:25', '2020-11-07 15:23:25'),
(258, 266, 46, 8, 'N/A', '2020-11-07 15:23:25', '2020-11-07 15:23:25'),
(259, 267, 46, 9, 'HD Realtech', '2020-11-07 15:23:25', '2020-11-07 15:23:25'),
(260, 268, 46, 10, '100/1000MBPS', '2020-11-07 15:23:25', '2020-11-07 15:23:25'),
(261, 269, 46, 11, 'USB Standard As Tech', '2020-11-07 15:23:25', '2020-11-07 15:23:25'),
(262, 270, 46, 12, 'USB Mouse Dell Brand', '2020-11-07 15:23:25', '2020-11-07 15:23:25'),
(263, 271, 46, 13, 'Casing ATX Mixed Brand', '2020-11-07 15:23:25', '2020-11-07 15:23:25'),
(264, 272, 46, 14, 'Free dous', '2020-11-07 15:23:25', '2020-11-07 15:23:25'),
(265, 273, 46, 15, 'N/A', '2020-11-07 15:23:25', '2020-11-07 15:23:25'),
(266, 274, 46, 16, 'N/A', '2020-11-07 15:23:25', '2020-11-07 15:23:25'),
(267, 49, 47, 0, 'Desktop Motherboard Gigabyte', '2020-11-09 09:26:49', '2020-11-09 09:26:49'),
(268, 50, 47, 1, 'Intel Chipset H-410M H', '2020-11-09 09:26:49', '2020-11-09 09:26:49'),
(269, 51, 47, 2, '64 GB DDR4 Support', '2020-11-09 09:26:49', '2020-11-09 09:26:49'),
(270, 52, 47, 3, 'HD Real tech', '2020-11-09 09:26:49', '2020-11-09 09:26:49'),
(271, 53, 47, 4, '100/1000MBPS', '2020-11-09 09:26:49', '2020-11-09 09:26:49'),
(272, 58, 48, 0, 'Hard Disk', '2020-11-14 06:26:22', '2020-11-14 06:26:22'),
(273, 59, 48, 1, '3.5inx1.0in LFF Hard Drive', '2020-11-14 06:26:22', '2020-11-14 06:26:22'),
(274, 60, 48, 2, 'HD-500GB Sata', '2020-11-14 06:26:22', '2020-11-14 06:26:22'),
(275, 61, 48, 3, '7200RPM', '2020-11-14 06:26:22', '2020-11-14 06:26:22'),
(276, 62, 48, 4, 'N/A', '2020-11-14 06:26:22', '2020-11-14 06:26:22'),
(277, 63, 48, 5, 'Sata', '2020-11-14 06:26:22', '2020-11-14 06:26:22'),
(278, 64, 48, 6, 'SATA 600 - 6.0Gbps  On-Board Cache: 32MB', '2020-11-14 06:26:22', '2020-11-14 06:26:22'),
(279, 58, 49, 0, 'HDD', '2020-11-14 06:31:17', '2020-11-14 06:31:17'),
(280, 59, 49, 1, 'Desktop Hard Disk', '2020-11-14 06:31:17', '2020-11-14 06:31:17'),
(281, 60, 49, 2, '1000 GB', '2020-11-14 06:31:17', '2020-11-14 06:31:17'),
(282, 61, 49, 3, '7200RPM', '2020-11-14 06:31:17', '2020-11-14 06:31:17'),
(283, 62, 49, 4, 'ATA-8 Serial ATA 3.0', '2020-11-14 06:31:17', '2020-11-14 06:31:17'),
(284, 63, 49, 5, 'N/A', '2020-11-14 06:31:17', '2020-11-14 06:31:17'),
(285, 64, 49, 6, 'Buffer size	32 MByte Non-operating (Maximum)	350 G, with 2 ms half sine wave Single track seek time (read)	0.6 ms Single track seek time (write)	0.8 ms Supported interface standards	ATA-8 Serial ATA 3.0 Internal or External	Internal', '2020-11-14 06:31:17', '2020-11-14 06:31:17'),
(286, 58, 50, 0, 'HDD', '2020-11-14 06:34:58', '2020-11-14 06:34:58'),
(287, 59, 50, 1, 'Desktop Hard Disk', '2020-11-14 06:34:58', '2020-11-14 06:34:58'),
(288, 60, 50, 2, '2000 GB', '2020-11-14 06:34:58', '2020-11-14 06:34:58'),
(289, 61, 50, 3, '7200RPM', '2020-11-14 06:34:58', '2020-11-14 06:34:58'),
(290, 62, 50, 4, 'N/A', '2020-11-14 06:34:58', '2020-11-14 06:34:58'),
(291, 63, 50, 5, 'ATA-8 Serial ATA 3.0', '2020-11-14 06:34:58', '2020-11-14 06:34:58'),
(292, 64, 50, 6, 'Buffer size	32 MByte Non-operating (Maximum)	350 G, with 2 ms half sine wave Supported interface standards	ATA-8 Serial ATA 3.0 Internal or External	Internal Capacity (GB)	2000 GB RPM	7200', '2020-11-14 06:34:58', '2020-11-14 06:34:58'),
(293, 58, 51, 0, 'HDD', '2020-11-14 06:40:20', '2020-11-14 06:40:20'),
(294, 59, 51, 1, 'DESKTOP HARD DSIK', '2020-11-14 06:40:20', '2020-11-14 06:40:20'),
(295, 60, 51, 2, '4000 GB', '2020-11-14 06:40:20', '2020-11-14 06:40:20'),
(296, 61, 51, 3, '7200RPM', '2020-11-14 06:40:20', '2020-11-14 06:40:20'),
(297, 62, 51, 4, '0.5 ms Single track seek time (write)	0.6 ms', '2020-11-14 06:40:20', '2020-11-14 06:40:20'),
(298, 63, 51, 5, 'ATA-8 Serial ATA 3.0', '2020-11-14 06:40:20', '2020-11-14 06:40:20'),
(299, 64, 51, 6, 'N/A', '2020-11-14 06:40:20', '2020-11-14 06:40:20'),
(300, 258, 52, 0, 'Intel Core i3 3rd Gen', '2020-11-18 14:30:52', '2020-11-18 14:30:52'),
(301, 259, 52, 1, '3.30GHZ 3MB Cache', '2020-11-18 14:30:52', '2020-11-18 14:30:52'),
(302, 260, 52, 2, 'Intel Chip H-61 Speed Brand', '2020-11-18 14:30:52', '2020-11-18 14:30:52'),
(303, 261, 52, 3, 'Monitor 19 Inchi LED Esonic', '2020-11-18 14:30:52', '2020-11-18 14:30:52'),
(304, 262, 52, 4, 'Ram-4GB DDR3 1333 BUS', '2020-11-18 14:30:52', '2020-11-18 14:30:52'),
(305, 263, 52, 5, 'HDD 500 GB Sata 7200 RPM', '2020-11-18 14:30:52', '2020-11-18 14:30:52'),
(306, 264, 52, 6, 'N/A', '2020-11-18 14:30:52', '2020-11-18 14:30:52'),
(307, 265, 52, 7, '1GB Graphics on Board', '2020-11-18 14:30:52', '2020-11-18 14:30:52'),
(308, 266, 52, 8, 'N/A', '2020-11-18 14:30:52', '2020-11-18 14:30:52'),
(309, 267, 52, 9, 'HD Realtech', '2020-11-18 14:30:52', '2020-11-18 14:30:52'),
(310, 268, 52, 10, '100/1000MBPS', '2020-11-18 14:30:52', '2020-11-18 14:30:52'),
(311, 269, 52, 11, 'USB Standard', '2020-11-18 14:30:52', '2020-11-18 14:30:52'),
(312, 270, 52, 12, 'USB Mouse Dell Brand', '2020-11-18 14:30:52', '2020-11-18 14:30:52'),
(313, 271, 52, 13, 'Casing ATX Mixed Brand', '2020-11-18 14:30:52', '2020-11-18 14:30:52'),
(314, 272, 52, 14, 'Free dous', '2020-11-18 14:30:52', '2020-11-18 14:30:52'),
(315, 273, 52, 15, 'N/A', '2020-11-18 14:30:52', '2020-11-18 14:30:52'),
(316, 274, 52, 16, '3 Yaer Warranty 1 Year Replace & 2 Year Services Warranty', '2020-11-18 14:30:52', '2020-11-18 14:30:52'),
(317, 275, 52, 17, 'N/A', '2020-11-18 14:30:52', '2020-11-18 14:30:52'),
(318, 276, 52, 18, 'N/A', '2020-11-18 14:30:52', '2020-11-18 14:30:52'),
(319, 277, 52, 19, 'N/A', '2020-11-18 14:30:52', '2020-11-18 14:30:52'),
(320, 278, 52, 20, 'N/A', '2020-11-18 14:30:52', '2020-11-18 14:30:52'),
(321, 279, 52, 21, 'N/A', '2020-11-18 14:30:52', '2020-11-18 14:30:52'),
(322, 280, 52, 22, 'N/A', '2020-11-18 14:30:52', '2020-11-18 14:30:52'),
(323, 281, 52, 23, 'N/A', '2020-11-18 14:30:52', '2020-11-18 14:30:52'),
(324, 282, 52, 24, 'N/A', '2020-11-18 14:30:52', '2020-11-18 14:30:52'),
(325, 283, 52, 25, 'N/A', '2020-11-18 14:30:52', '2020-11-18 14:30:52'),
(326, 284, 52, 26, 'N/A', '2020-11-18 14:30:52', '2020-11-18 14:30:52'),
(327, 285, 52, 27, 'N/A', '2020-11-18 14:30:52', '2020-11-18 14:30:52'),
(328, 286, 52, 28, 'N/A', '2020-11-18 14:30:52', '2020-11-18 14:30:52'),
(329, 287, 52, 29, 'N/A', '2020-11-18 14:30:52', '2020-11-18 14:30:52'),
(330, 288, 52, 30, 'N/A', '2020-11-18 14:30:52', '2020-11-18 14:30:52');

-- --------------------------------------------------------

--
-- Table structure for table `items`
--

CREATE TABLE `items` (
  `id` bigint(20) UNSIGNED NOT NULL,
  `stall_id` bigint(20) UNSIGNED NOT NULL,
  `user_id` int(10) UNSIGNED NOT NULL,
  `subcategory_id` int(10) UNSIGNED NOT NULL,
  `brand_id` int(10) UNSIGNED NOT NULL,
  `views` int(11) NOT NULL DEFAULT 0,
  `status` tinyint(1) NOT NULL DEFAULT 0,
  `is_approve` tinyint(1) NOT NULL DEFAULT 0,
  `stock` tinyint(1) NOT NULL DEFAULT 1,
  `title` varchar(255) COLLATE utf8mb4_unicode_ci NOT NULL,
  `slug` varchar(255) COLLATE utf8mb4_unicode_ci NOT NULL,
  `model` varchar(255) COLLATE utf8mb4_unicode_ci NOT NULL,
  `price` decimal(8,0) NOT NULL,
  `ship_dhaka` decimal(8,0) NOT NULL DEFAULT 60,
  `ship_bd` decimal(8,0) NOT NULL DEFAULT 130,
  `offer` varchar(255) COLLATE utf8mb4_unicode_ci DEFAULT NULL,
  `img` varchar(255) COLLATE utf8mb4_unicode_ci NOT NULL DEFAULT 'item.png',
  `img1` varchar(255) COLLATE utf8mb4_unicode_ci DEFAULT NULL,
  `img2` varchar(255) COLLATE utf8mb4_unicode_ci DEFAULT NULL,
  `img3` varchar(255) COLLATE utf8mb4_unicode_ci DEFAULT NULL,
  `img4` varchar(255) COLLATE utf8mb4_unicode_ci DEFAULT NULL,
  `description` text COLLATE utf8mb4_unicode_ci DEFAULT NULL,
  `warranty` text COLLATE utf8mb4_unicode_ci DEFAULT NULL,
  `feature_id` int(11) DEFAULT NULL,
  `features` longtext CHARACTER SET utf8mb4 COLLATE utf8mb4_bin DEFAULT NULL CHECK (json_valid(`features`)),
  `created_at` timestamp NULL DEFAULT NULL,
  `updated_at` timestamp NULL DEFAULT NULL
) ENGINE=InnoDB DEFAULT CHARSET=utf8mb4 COLLATE=utf8mb4_unicode_ci;

--
-- Dumping data for table `items`
--

INSERT INTO `items` (`id`, `stall_id`, `user_id`, `subcategory_id`, `brand_id`, `views`, `status`, `is_approve`, `stock`, `title`, `slug`, `model`, `price`, `ship_dhaka`, `ship_bd`, `offer`, `img`, `img1`, `img2`, `img3`, `img4`, `description`, `warranty`, `feature_id`, `features`, `created_at`, `updated_at`) VALUES
(1, 1, 6, 7, 6, 9, 1, 1, 1, 'Desktop Processor Intel Core i5 3rd Generation 3.20GHZ 6MB Cache', 'desktop-processor-intel-core-i5-3rd-generation-320ghz-6mb-cache-5f9e5b99d4c1c', 'Core i5 3rd Gen 3470 3.20GHZ', 3500, 60, 130, NULL, '2020-11-01-5f9e5b99bd7f5.jpg', '0', '0', '0', '0', 'Intel® Core™ i5-3470 Processor\r\n6M Cache, up to 3.60 GHz', '6th Month replace', NULL, NULL, '2020-11-01 06:54:17', '2020-11-25 08:28:45'),
(2, 1, 6, 7, 6, 10, 1, 1, 1, 'Desktop Processor Intel Core i5 3rd Gen 3333-3.0GHZ 6MB Cache', 'desktop-processor-intel-core-i5-3rd-gen-3333-30ghz-6mb-cache-5f9e5c8aadccb', 'Core i5 3rd Gen 3330', 3300, 60, 130, NULL, '2020-11-01-5f9e5c8a29cf2.jpg', '0', '0', '0', '0', 'Intel® Core™ i5-3330 Processor\r\n6M Cache, up to 3.20 GHz', '6th Month replace', NULL, NULL, '2020-11-01 06:58:18', '2020-11-25 08:14:15'),
(3, 1, 6, 7, 6, 10, 1, 1, 1, 'Desktop Processor Intel Core i3 3rd Gen 3.30GHZ- 6th Month Replace Warranty', 'desktop-processor-intel-core-i3-3rd-gen-330ghz-6th-month-replace-warranty-5f9e5e3075f87', 'Core i3 3rd Gen -3220 3.30GHZ 3MB Cache', 1900, 60, 130, NULL, '2020-11-01-5f9e5e306d4a3.jpg', '0', '0', '0', '0', 'Processor intel Core i3 3rd gen 3220- 3.30GHZ 3MB Cache', '6th Month replace', NULL, NULL, '2020-11-01 07:05:20', '2020-11-25 06:37:05'),
(4, 1, 6, 7, 6, 9, 1, 1, 1, 'Desktop Processor Intel Core i5-3.20GHZ 650 Model 4MB Cache', 'desktop-processor-intel-core-i5-320ghz-650-model-4mb-cache-5f9e5ea85ae1a', 'Intel Core i5 650-3.20GHZ', 1900, 60, 130, NULL, '2020-11-01-5f9e5ea8441b7.jpg', '0', '0', '0', '0', 'Desktop Processor Intel Core i5-3.20GHZ 650 Model 4MB Cache', '6th Month replace', NULL, NULL, '2020-11-01 07:07:20', '2020-11-25 07:59:57'),
(5, 1, 6, 7, 6, 8, 1, 1, 1, 'Desktop Processor Intel Core i3-540-3.060GHZ 4MB Cache', 'desktop-processor-intel-core-i3-540-3060ghz-4mb-cache-5f9e5f1d2f0a3', 'Core i3 -540 3.06GHZ', 1100, 60, 130, NULL, '2020-11-01-5f9e5f1d20337.jpg', '0', '0', '0', '0', 'Desktop Processor Intel Core i3-540-3.060GHZ 4MB Cache \r\n1st Generation', '6th Month replace', NULL, NULL, '2020-11-01 07:09:17', '2020-11-25 07:04:32'),
(6, 1, 6, 7, 6, 8, 1, 1, 1, 'Desktop processor Intel Core i3 2nd Generation 3.10GHZ 3MB Cache', 'desktop-processor-intel-core-i3-2nd-generation-310ghz-3mb-cache-5f9e7a4e74055', 'Core i3 2nd Gen 2120 3.10GHZ', 1500, 60, 130, NULL, '2020-11-01-5f9e7a4e54bd4.jpg', '0', '0', '0', '0', 'Desktop processor Intel Core i3 2nd Generation 3.10GHZ 3MB Cache', '6th Month replace', NULL, NULL, '2020-11-01 09:05:18', '2020-11-25 06:22:58'),
(7, 1, 6, 7, 6, 8, 1, 1, 1, 'Desktop Processor Intel Core i5 2nd Gen 2400 3.10GHZ 6Mb Cache', 'desktop-processor-intel-core-i5-2nd-gen-2400-310ghz-6mb-cache-5f9e7b0125303', 'Core i5 2nd Gen 2400 3.10GHZ', 2800, 60, 130, NULL, '2020-11-01-5f9e7b01132a2.jpg', '0', '0', '0', '0', 'Intel® Core™ i5-2400 Processor\r\n6M Cache, up to 3.40 GHz\r\nCPU Specifications\r\n# of Cores\r\n4\r\n\r\n# of Threads\r\n4\r\n\r\nProcessor Base Frequency\r\n3.10 GHz\r\n\r\nMax Turbo Frequency\r\n3.40 GHz\r\n\r\nCache\r\n6 MB Intel® Smart Cache\r\n\r\nBus Speed\r\n5 GT/s\r\n\r\nIntel® Turbo Boost Technology 2.0 Frequency‡\r\n3.40 GHz\r\n\r\nTDP\r\n95 W', '6th Month replace', NULL, NULL, '2020-11-01 09:08:17', '2020-11-25 07:46:09'),
(8, 1, 6, 7, 6, 9, 1, 1, 1, 'Desktop Processor Intel Core i5 4th Gen 3.20GHZ 6MB Chase', 'desktop-processor-intel-core-i5-4th-gen-320ghz-6mb-chase-5f9e8785bd45b', '4th Gen 4460 3.20GHZ', 5500, 60, 130, NULL, '2020-11-01-5f9e8785a584e.jpg', '0', '0', '0', '0', 'Intel® Core™ i5-4460 Processor\r\n6M Cache, up to 3.40 GHz\r\nCPU Specifications\r\n# of Cores\r\n4\r\n\r\n# of Threads\r\n4\r\n\r\nProcessor Base Frequency\r\n3.20 GHz\r\n\r\nMax Turbo Frequency\r\n3.40 GHz\r\n\r\nCache\r\n6 MB Intel® Smart Cache\r\n\r\nBus Speed\r\n5 GT/s\r\n\r\nIntel® Turbo Boost Technology 2.0 Frequency‡\r\n3.40 GHz\r\n\r\nTDP\r\n84 W', '6th Month replace', NULL, NULL, '2020-11-01 10:01:41', '2020-11-25 08:42:38'),
(9, 1, 6, 7, 6, 9, 1, 1, 1, 'Desktop processor intel Core i3 4th Gen 4130-3.40GHZ 6th Month Warranty', 'desktop-processor-intel-core-i3-4th-gen-4130-340ghz-6th-month-warranty-5f9e87feaaa8a', 'Core i3 4th gen 4130', 3500, 60, 130, NULL, '2020-11-01-5f9e87fe9f8d6.jpg', '0', '0', '0', '0', 'Intel® Core™ i3-4130 Processor\r\n3M Cache, 3.40 GHz\r\nCPU Specifications\r\n# of Cores\r\n2\r\n\r\n# of Threads\r\n4\r\n\r\nProcessor Base Frequency\r\n3.40 GHz\r\n\r\nCache\r\n3 MB Intel® Smart Cache\r\n\r\nBus Speed\r\n5 GT/s\r\n\r\nTDP\r\n54 W', '6th Month replace', NULL, NULL, '2020-11-01 10:03:42', '2020-11-25 06:51:18'),
(10, 1, 6, 7, 6, 7, 1, 1, 1, 'Desktop Processor Intel Core i3 6th Gen 6100t 3.20ghz', 'desktop-processor-intel-core-i3-6th-gen-6100t-320ghz-5f9e9a7340e0a', 'Core i3 6th Gen 6100T 3.20GHZ', 5500, 60, 130, NULL, '2020-11-01-5f9e9a73382b3.jpg', '0', '0', '0', '0', 'Intel® Core™ i3-6100T Processor\r\n3M Cache, 3.20 GHz\r\nCPU Specifications\r\n# of Cores\r\n2\r\n\r\n# of Threads\r\n4\r\n\r\nProcessor Base Frequency\r\n3.20 GHz\r\n\r\nCache\r\n3 MB Intel® Smart Cache\r\n\r\nBus Speed\r\n8 GT/s\r\n\r\nTDP\r\n35 W', '6th Month replace', NULL, NULL, '2020-11-01 11:22:27', '2020-11-25 07:18:11'),
(11, 1, 6, 7, 6, 8, 1, 1, 1, 'Desktop Processor Intel Core i5 6th Generation 6402p 6MB Cache', 'desktop-processor-intel-core-i5-6th-generation-6402p-6mb-cache-5f9e9af5db063', 'Core i5 6th gen 6402p', 7500, 60, 130, NULL, '2020-11-01-5f9e9af5d143a.jpg', '0', '0', '0', '0', 'Intel® Core™ i5-6402P Processor\r\n6M Cache, up to 3.40 GHz\r\nCPU Specifications\r\n# of Cores\r\n4\r\n\r\n# of Threads\r\n4\r\n\r\nProcessor Base Frequency\r\n2.80 GHz\r\n\r\nMax Turbo Frequency\r\n3.40 GHz\r\n\r\nCache\r\n6 MB\r\n\r\nBus Speed\r\n8 GT/s\r\n\r\nIntel® Turbo Boost Technology 2.0 Frequency‡\r\n3.40 GHz\r\n\r\nTDP\r\n65 W', '6th Month replace', NULL, NULL, '2020-11-01 11:24:37', '2020-11-25 08:56:45'),
(12, 1, 6, 7, 6, 7, 1, 1, 1, 'Desktop Processor Intel Core i3 9th Generation 9100F 6MB Cache', 'desktop-processor-intel-core-i3-9th-generation-9100f-6mb-cache-5f9e9b7bac1dd', 'Core i3 9th Gen 9100F', 7000, 60, 130, NULL, '2020-11-01-5f9e9b7ba4e27.jpg', '0', '0', '0', '0', 'Intel® Core™ i3-9100F Processor\r\n6M Cache, up to 4.20 GHz\r\nCPU Specifications\r\n# of Cores\r\n4\r\n\r\n# of Threads\r\n4\r\n\r\nProcessor Base Frequency\r\n3.60 GHz\r\n\r\nMax Turbo Frequency\r\n4.20 GHz\r\n\r\nCache\r\n6 MB Intel® Smart Cache\r\n\r\nBus Speed\r\n8 GT/s\r\n\r\nIntel® Turbo Boost Technology 2.0 Frequency‡\r\n4.20 GHz\r\n\r\nTDP\r\n65 W', '1 Year Replace', NULL, NULL, '2020-11-01 11:26:51', '2020-11-25 07:32:03'),
(13, 1, 6, 7, 6, 8, 1, 1, 1, 'Desktop Processor Intel Core i5 9th Generation 9400F 9MB Cache', 'desktop-processor-intel-core-i5-9th-generation-9400f-9mb-cache-5f9e9bf081d83', 'Core i5 9th Gen 9400F', 12500, 60, 130, NULL, '2020-11-01-5f9e9bf071a99.jpg', '0', '0', '0', '0', 'Features\r\nModel: Intel Core i5-9400F\r\nSocket Supported FCLGA1151\r\nSpeed 2.90 up to 4.10 GHz\r\nCores- 6 & Threads- 6\r\n9M Cache', '1 Year Replace', NULL, NULL, '2020-11-01 11:28:48', '2020-11-25 09:10:59'),
(14, 1, 6, 7, 6, 8, 1, 1, 1, 'BD Price Desktop Processor 10th Generation Intel Core i3  10100 6MB cache', 'bd-price-desktop-processor-10th-generation-intel-core-i3-10100-6mb-cache-5f9e9c8299c8c', 'Core i3 10th Gen 10100', 10200, 60, 130, NULL, '2020-11-01-5f9e9c8281634.jpg', '0', '0', '0', '0', 'eatures\r\nModel: Intel Core i3 10100\r\nSocket Supported FCLGA1200\r\nSpeed 3.60 up to 4.30 GHz\r\nCores- 4 & Threads- 8\r\n6M Cache', '1 Year Replace', NULL, NULL, '2020-11-01 11:31:14', '2020-11-25 05:27:06'),
(15, 1, 6, 7, 6, 8, 1, 1, 1, 'BD Price Intel 10th Gen Core i5-10400 Processor  9MB Cache', 'bd-price-intel-10th-gen-core-i5-10400-processor-9mb-cache-5f9e9d02120bf', 'Core i5 10th Gen 10400', 15500, 60, 130, NULL, '2020-11-01-5f9e9d020746b.jpg', '0', '0', '0', '0', 'Features\r\nModel: Intel Core i5-10400\r\nClock Speed:2.90 GHz up to 4.30 GHz\r\nCores-6 & Threads-12\r\n12 MB SmartCache\r\nIntel UHD Graphics 630', '1 Year Replace', NULL, NULL, '2020-11-01 11:33:22', '2020-11-25 05:55:24'),
(16, 1, 6, 7, 6, 8, 1, 1, 1, 'BD Price Desktop Processor Intel Core i7 8700K', 'bd-price-desktop-processor-intel-core-i7-8700k-5f9e9d7e0007b', 'Intel® Core™ i7-8700K Processor', 25500, 60, 130, NULL, '2020-11-01-5f9e9d7dc564f.jpg', '0', '0', '0', '0', '12M Cache, up to 4.70 GHz\r\n\r\n12M Cache, up to 4.70 GHz', '6th Month replace', NULL, NULL, '2020-11-01 11:35:26', '2020-11-25 05:41:22'),
(17, 1, 6, 7, 6, 7, 1, 1, 1, 'Desktop Processor Intel Core i7-3rd Gen 3770 3.40GHZ 8MB Cache', 'desktop-processor-intel-core-i7-3rd-gen-3770-340ghz-8mb-cache-5f9ec358dc9b4', 'Core i7 3rd Gen 3770 3.40GHZ', 7500, 60, 130, NULL, '2020-11-01-5f9ec358cdb3d.jpg', '0', '0', '0', '0', 'Intel® Core™ i7-3770 Processor\r\n8M Cache, up to 3.90 GHz\r\nCPU Specifications\r\n# of Cores\r\n4\r\n\r\n# of Threads\r\n8\r\n\r\nProcessor Base Frequency\r\n3.40 GHz\r\n\r\nMax Turbo Frequency\r\n3.90 GHz\r\n\r\nCache\r\n8 MB Intel® Smart Cache\r\n\r\nBus Speed\r\n5 GT/s\r\n\r\nIntel® Turbo Boost Technology 2.0 Frequency‡\r\n3.90 GHz\r\n\r\nTDP\r\n77 W', '6th Month replace', NULL, NULL, '2020-11-01 14:16:56', '2020-11-25 09:25:03'),
(18, 1, 6, 7, 6, 8, 1, 1, 1, 'BD Price Processor Intel Core i7 4th Gen 3.40GHZ 8MB Cache', 'bd-price-processor-intel-core-i7-4th-gen-340ghz-8mb-cache-5f9ec45923e57', 'Core i7 4th Gen 4770 3.40GHZ', 12000, 60, 130, NULL, '2020-11-01-5f9ec4591545f.jpg', '0', '0', '0', '0', 'Intel® Core™ i7-4770 Processor\r\n8M Cache, up to 3.90 GHz\r\nCPU Specifications\r\n# of Cores\r\n4\r\n\r\n# of Threads\r\n8\r\n\r\nProcessor Base Frequency\r\n3.40 GHz\r\n\r\nMax Turbo Frequency\r\n3.90 GHz\r\n\r\nCache\r\n8 MB Intel® Smart Cache\r\n\r\nBus Speed\r\n5 GT/s\r\n\r\nIntel® Turbo Boost Technology 2.0 Frequency‡\r\n3.90 GHz\r\n\r\nTDP\r\n84 W', '6th Month replace', NULL, NULL, '2020-11-01 14:21:13', '2020-11-25 06:09:17'),
(19, 1, 6, 9, 8, 7, 1, 1, 1, 'Gigabyte GA-B85M-D3V-A Intel 4th Gen Motherboard-1 Year Replace Warranty', 'gigabyte-ga-b85m-d3v-a-intel-4th-gen-motherboard-1-year-replace-warranty-5f9ec5468f8c0', 'Gigabyte GA-B85M-D3V', 4400, 60, 130, NULL, '2020-11-01-5f9ec5467f605.jpg', '0', '0', '0', '0', 'Highlights\r\nDual channel memory architecture\r\nLAN with high ESD protection\r\nL3 cache varies with CPU\r\n2 x DDR3 DIMM socket\r\nSupport for DDR3 1600 / 1333 MHz memory\r\nSupport for non-ECC memory\r\n1 x 24-pin ATX main power connector\r\n4 x SATA 6Gb / s connector\r\n2 x SATA 3Gb / s connector\r\n1 x CPU fan header\r\n1 x PCI express x16 slot\r\niTE I/O controller chip\r\n2 x USB 3.0 / 2.0 port\r\n4 x USB 2.0 / 1.1 port\r\n1 x D-sub port\r\n1 x DVI-D port\r\n3 x audio jack\r\n1 x D-sub port\r\n1 x DVI-D port', '1 Year Replace Warranty', NULL, NULL, '2020-11-01 14:25:10', '2020-11-25 05:12:14'),
(20, 1, 6, 9, 8, 6, 1, 1, 1, 'Desktop Gigabyte GA-G41MT-S2PT DDR3 RAM Motherboard-1 Year Replace Warranty', 'desktop-gigabyte-ga-g41mt-s2pt-ddr3-ram-motherboard-1-year-replace-warranty-5f9ec6b95c2d8', 'Gigabyte GA-G41MT-S2PT DDR3 RAM Motherboard', 2500, 60, 130, NULL, '2020-11-01-5f9ec6b94b059.jpg', '0', '0', '0', '0', 'Features\r\nMotherboard Type	Standard\r\nChipset	G41 Express Chipset\r\nSupported Processors	Intel Core 2 Quad,Core 2 Duo Intel Dual Core.Intel Pentium 4\r\nFront Side Bus	1333/1066/800 MHz FSB\r\nOnboard Audio	Realtek ALC887 Audio Codec High Definition Audio 2/4/5.1/7.1-Channel x To Configure 7.1-Channel Audio, You Have to Use an HD Front Panel Audio Module and Enable the Multi-Channel Audio Feature Through the Audio Driver\r\nProduct Warranty\r\nThis product gigabyte ga-g41mt-s2pt', '1 Year Replace', NULL, NULL, '2020-11-01 14:31:21', '2020-11-25 04:56:45'),
(21, 1, 6, 9, 8, 7, 1, 1, 1, 'Desktop Motherboard Gigabyte GA-H81M-DS2 UEFI DualBIOS HD Graphics Ma inboard-1 Year Replace Warranty', 'desktop-motherboard-gigabyte-ga-h81m-ds2-uefi-dualbios-hd-graphics-ma-inboard-1-year-replace-warranty-5f9ec72e509cf', 'Gigabyte GA-H81M-DS2 motherboard', 3800, 60, 130, NULL, '2020-11-01-5f9ec72e43524.jpg', '0', '0', '0', '0', 'Description\r\nGigabyte GA-H81M-DS2 motherboard has Intel chipset, 4th generation Intel core processor support, ultra durable 4 plus technology, USB 3.0 ports with 3x power, on / off charge for USB devices, high ESD protection for USB and LAN, humidity protection, power failure protection, electrostatic protection, built-in audio and HD video.', '1 Year Replace', NULL, NULL, '2020-11-01 14:33:18', '2020-11-25 10:33:26'),
(22, 1, 6, 9, 8, 11, 1, 1, 1, 'Desktop Gigabyte GA-H110M-DS2V 7th / 6th Generation PC Motherboard-1 Year Replace Warranty', 'desktop-gigabyte-ga-h110m-ds2v-7th-6th-generation-pc-motherboard-1-year-replace-warranty-5f9ec8407497c', 'Gigabyte GA-H110M-DS2V', 6300, 60, 130, NULL, '2020-11-01-5f9ec840672cb.jpg', '0', '0', '0', '0', 'Features\r\nMotherboard Type	Standard\r\nChipset	Intel H110 Express Chipset\r\nSupported Processors	Support for 7th / 6th Generation Intel Core i7 / i5 / i3 / Pentium / Processor\r\nMax Memory	32GB\r\nOnboard Video	Shared Memory of 1024MB\r\nOnboard Audio	2/4/5.1/7.1-channel\r\nOnboard LAN	Realtek GbE LAN Chip', '1 Year Replace & 2 Year Services', NULL, NULL, '2020-11-01 14:37:52', '2020-11-25 10:14:06'),
(23, 1, 6, 7, 6, 6, 1, 1, 1, 'Desktop Low Price Processor Intel Core 2duo 2.80GHZ', 'desktop-low-price-processor-intel-core-2duo-280ghz-5fa63cc87c546', 'Intel Core 2duo E7400', 500, 60, 130, NULL, '2020-11-07-5fa63cc86cc42.jpg', '0', '0', '0', '0', 'Intel Core2 duo Processor 2.80GHZ \r\nModel E7400\r\nIntel® Core™2 Duo Processor E7400\r\n3M Cache, 2.80 GHz, 1066 MHz FSB', '6th Month replace', NULL, NULL, '2020-11-07 06:20:56', '2020-11-19 09:21:11'),
(24, 1, 6, 7, 6, 6, 1, 1, 1, 'Desktop Processor Intel Core 2duo 6MB Cache', 'desktop-processor-intel-core-2duo-6mb-cache-5fa63d8ad669a', 'Intel® Core™2 Duo Processor T9600', 900, 60, 130, NULL, '2020-11-07-5fa63d8acd57a.jpg', '0', '0', '0', '0', 'Intel® Core™2 Duo Processor T9600\r\n6M Cache, 2.80 GHz, 1066 MHz FSB\r\nPerformance Specifications\r\n# of Cores\r\n2\r\n\r\n# of Threads\r\n2\r\n\r\nProcessor Base Frequency\r\n2.80 GHz\r\n\r\nCache\r\n6 MB L2 Cache\r\n\r\nBus Speed\r\n1066 MHz\r\n\r\nFSB Parity\r\nNo\r\n\r\nTDP\r\n35 W\r\n\r\nVID Voltage Range\r\n1.05V-1.2125V', '6th Month replace', NULL, NULL, '2020-11-07 06:24:10', '2020-11-19 09:21:20'),
(25, 1, 6, 7, 6, 4, 1, 1, 1, 'Low Price Intel Core i3 3rd  Gen 3.40GHZ Processor', 'low-price-intel-core-i3-3rd-gen-340ghz-processor-5fa63e0ecd51a', 'Core i3 3rd Gen 3240 3.40GHZ', 2300, 60, 130, NULL, '2020-11-07-5fa63e0eb2b89.jpg', '0', '0', '0', '0', 'Intel® Core™ i3-3240 Processor\r\n3M Cache, 3.40 GHz\r\nCPU Specifications\r\n# of Cores\r\n2\r\n\r\n# of Threads\r\n4\r\n\r\nProcessor Base Frequency\r\n3.40 GHz\r\n\r\nCache\r\n3 MB Intel® Smart Cache\r\n\r\nBus Speed\r\n5 GT/s\r\n\r\nTDP\r\n55 W', '6th Month replace', NULL, NULL, '2020-11-07 06:26:22', '2020-11-21 06:10:46'),
(26, 1, 6, 7, 6, 6, 1, 1, 1, 'Desktop Core i3 3rd Generation Processor 3.30GHZ With Warranty', 'desktop-core-i3-3rd-generation-processor-330ghz-with-warranty-5fa63e8278d87', 'Core i3 3rd Gen 3220 3.30GHZ', 1900, 60, 130, NULL, '2020-11-07-5fa63e826a598.jpg', '0', '0', '0', '0', 'Intel® Core™ i3-3220 Processor\r\n3M Cache, 3.30 GHz\r\nCPU Specifications\r\n# of Cores\r\n2\r\n\r\n# of Threads\r\n4\r\n\r\nProcessor Base Frequency\r\n3.30 GHz\r\n\r\nCache\r\n3 MB Intel® Smart Cache\r\n\r\nBus Speed\r\n5 GT/s\r\n\r\nTDP\r\n55 W', '6th Month replace', NULL, NULL, '2020-11-07 06:28:18', '2020-11-20 08:29:15'),
(27, 1, 6, 7, 6, 5, 1, 1, 1, 'Desktop Processor Intel Core i3 2nd Gen 3.10GHZ Warranty', 'desktop-processor-intel-core-i3-2nd-gen-310ghz-warranty-5fa63f00aa83e', 'Intel® Core™ i3-2100 Processor', 1500, 60, 130, NULL, '2020-11-07-5fa63f0099307.jpg', '0', '0', '0', '0', 'Intel® Core™ i3-2100 Processor\r\n3M Cache, 3.10 GHz\r\nCPU Specifications\r\n# of Cores\r\n2\r\n\r\n# of Threads\r\n4\r\n\r\nProcessor Base Frequency\r\n3.10 GHz\r\n\r\nCache\r\n3 MB Intel® Smart Cache\r\n\r\nBus Speed\r\n5 GT/s\r\n\r\nTDP\r\n65 W', '6th Month replace', NULL, NULL, '2020-11-07 06:30:24', '2020-11-20 03:34:41'),
(28, 1, 6, 7, 6, 6, 1, 1, 1, 'Desktop Processor Intel Core i3 3rd Generation -3240T Warranty', 'desktop-processor-intel-core-i3-3rd-generation-3240t-warranty-5fa63f7e352e8', 'Intel® Core™ i3-3240T Processor', 1500, 60, 130, NULL, '2020-11-07-5fa63f7e2cb40.jpg', '0', '0', '0', '0', 'Intel® Core™ i3-3240T Processor\r\n3M Cache, 2.90 GHz\r\nCPU Specifications\r\n# of Cores\r\n2\r\n\r\n# of Threads\r\n4\r\n\r\nProcessor Base Frequency\r\n2.90 GHz\r\n\r\nCache\r\n3 MB Intel® Smart Cache\r\n\r\nBus Speed\r\n5 GT/s\r\n\r\nTDP\r\n35 W', '6th Month replace', NULL, NULL, '2020-11-07 06:32:30', '2020-11-20 15:04:48'),
(29, 1, 6, 7, 6, 6, 1, 1, 1, 'Desktop Core i3 2nd Gen -2120-3.30GHZ Warranty', 'desktop-core-i3-2nd-gen-2120-330ghz-warranty-5fa63ff3efb45', 'Intel® Core™ i3-2120 Processor', 1800, 60, 130, NULL, '2020-11-07-5fa63ff3be6c0.jpg', '0', '0', '0', '0', 'Intel® Core™ i3-2120 Processor\r\n3M Cache, 3.30 GHz\r\nCPU Specifications\r\n# of Cores\r\n2\r\n\r\n# of Threads\r\n4\r\n\r\nProcessor Base Frequency\r\n3.30 GHz\r\n\r\nCache\r\n3 MB Intel® Smart Cache\r\n\r\nBus Speed\r\n5 GT/s\r\n\r\nTDP\r\n65 W', '6th Month replace', NULL, NULL, '2020-11-07 06:34:27', '2020-11-20 09:17:48'),
(30, 1, 6, 7, 6, 6, 1, 1, 1, 'Desktop-Processor 4th Generation-4130-Model 3.40GHZ Warranty', 'desktop-processor-4th-generation-4130-model-340ghz-warranty-5fa6407ee1be2', 'Intel® Core™ i3-4130 Processor', 3300, 60, 130, NULL, '2020-11-07-5fa6407ed5b06.jpg', '0', '0', '0', '0', 'Intel® Core™ i3-4130 Processor\r\n3M Cache, 3.40 GHz\r\nCPU Specifications\r\n# of Cores\r\n2\r\n\r\n# of Threads\r\n4\r\n\r\nProcessor Base Frequency\r\n3.40 GHz\r\n\r\nCache\r\n3 MB Intel® Smart Cache\r\n\r\nBus Speed\r\n5 GT/s\r\n\r\nTDP\r\n54 W', '6th Month replace', NULL, NULL, '2020-11-07 06:36:46', '2020-11-19 09:21:40'),
(31, 1, 6, 7, 6, 6, 1, 1, 1, 'Desktop Core i3 4th Generation Model 4130T-With Warranty', 'desktop-core-i3-4th-generation-model-4130t-with-warranty-5fa64103f196b', 'Intel® Core™ i3-4130T Processor', 2800, 60, 130, NULL, '2020-11-07-5fa64103e2d85.jpg', '0', '0', '0', '0', 'Intel® Core™ i3-4130T Processor\r\n3M Cache, 2.90 GHz\r\nCPU Specifications\r\n# of Cores\r\n2\r\n\r\n# of Threads\r\n4\r\n\r\nProcessor Base Frequency\r\n2.90 GHz\r\n\r\nCache\r\n3 MB Intel® Smart Cache\r\n\r\nBus Speed\r\n5 GT/s\r\n\r\nTDP\r\n35 W', '6th Month replace', NULL, NULL, '2020-11-07 06:38:59', '2020-11-19 09:21:11'),
(32, 1, 6, 7, 6, 7, 1, 1, 1, 'Processor High Speed Intel Core i3 4th Gen - 4160-3.60GHZ With Warranty', 'processor-high-speed-intel-core-i3-4th-gen-4160-360ghz-with-warranty-5fa6418aa54ab', 'Intel® Core™ i3-4160 Processor', 3500, 60, 130, NULL, '2020-11-07-5fa6418a89cce.jpg', '0', '0', '0', '0', 'Intel® Core™ i3-4160 Processor\r\n3M Cache, 3.60 GHz\r\nCPU Specifications\r\n# of Cores\r\n2\r\n\r\n# of Threads\r\n4\r\n\r\nProcessor Base Frequency\r\n3.60 GHz\r\n\r\nCache\r\n3 MB Intel® Smart Cache\r\n\r\nBus Speed\r\n5 GT/s\r\n\r\nTDP\r\n54 W', '6th Month replace', NULL, NULL, '2020-11-07 06:41:14', '2020-11-22 20:01:01'),
(33, 1, 6, 7, 6, 7, 1, 1, 1, 'Desktop Processor BR Price Core i3 4th Gen - 4150 -Warranty', 'desktop-processor-br-price-core-i3-4th-gen-4150-warranty-5fa6426105c34', 'Intel® Core™ i3-4150 Processor', 3300, 60, 130, NULL, '2020-11-07-5fa64260eadc8.jpg', '0', '0', '0', '0', 'Intel® Core™ i3-4150 Processor\r\n3M Cache, 3.50 GHz\r\n\r\nCPU Specifications\r\n# of Cores\r\n2\r\n\r\n# of Threads\r\n4\r\n\r\nProcessor Base Frequency\r\n3.50 GHz\r\n\r\nCache\r\n3 MB Intel® Smart Cache\r\n\r\nBus Speed\r\n5 GT/s\r\n\r\nTDP\r\n54 W', '6th Month replace', NULL, NULL, '2020-11-07 06:44:49', '2020-11-25 19:57:10'),
(34, 1, 6, 7, 6, 7, 1, 1, 1, 'High Speed Intel Core i3 4th Generation Processor For Desktop -Warranty', 'high-speed-intel-core-i3-4th-generation-processor-for-desktop-warranty-5fa642f150ab5', 'Intel® Core™ i3-4170 Processor', 4000, 60, 130, NULL, '2020-11-07-5fa642f0844c6.jpg', '0', '0', '0', '0', 'Intel® Core™ i3-4170 Processor\r\n3M Cache, 3.70 GHz\r\nCPU Specifications\r\n# of Cores\r\n2\r\n\r\n# of Threads\r\n4\r\n\r\nProcessor Base Frequency\r\n3.70 GHz\r\n\r\nCache\r\n3 MB\r\n\r\nBus Speed\r\n5 GT/s\r\n\r\nTDP\r\n54 W', '6th Month replace', NULL, NULL, '2020-11-07 06:47:13', '2020-11-25 20:54:52'),
(35, 1, 6, 7, 6, 8, 1, 1, 1, 'Desktop Core i3 6th Generation 6100-3.70GHZ With-Warranty', 'desktop-core-i3-6th-generation-6100-370ghz-with-warranty-5fa643f0decd8', 'Intel® Core™ i3-6100 Processor', 6000, 60, 130, NULL, '2020-11-07-5fa643f0ce32a.jpg', '0', '0', '0', '0', 'Intel® Core™ i3-6100 Processor\r\n3M Cache, 3.70 GHz\r\nCPU Specifications\r\n# of Cores\r\n2\r\n\r\n# of Threads\r\n4\r\n\r\nProcessor Base Frequency\r\n3.70 GHz\r\n\r\nCache\r\n3 MB Intel® Smart Cache\r\n\r\nBus Speed\r\n8 GT/s\r\n\r\nTDP\r\n51 W', '6th Month replace', NULL, NULL, '2020-11-07 06:51:28', '2020-11-25 19:20:58'),
(36, 1, 6, 7, 6, 8, 1, 1, 1, 'Desktop Processor Intel Core i3-6th Generation-6100T 3.20GHZ -With Warranty', 'desktop-processor-intel-core-i3-6th-generation-6100t-320ghz-with-warranty-5fa644e91e9ca', 'Intel® Core™ i3-6100T Processor', 5500, 60, 130, NULL, '2020-11-07-5fa644e91052d.jpg', '0', '0', '0', '0', 'Intel® Core™ i3-6100T Processor\r\nCPU Specifications\r\n# of Cores\r\n2\r\n\r\n# of Threads\r\n4\r\n\r\nProcessor Base Frequency\r\n3.20 GHz\r\n\r\nCache\r\n3 MB Intel® Smart Cache\r\n\r\nBus Speed\r\n8 GT/s\r\n\r\nTDP\r\n35 W', NULL, NULL, NULL, '2020-11-07 06:55:37', '2020-11-25 20:15:19'),
(37, 1, 6, 7, 6, 7, 1, 1, 1, 'Desktop Core i3 7th Generation  7100 -With Warranty', 'desktop-core-i3-7th-generation-7100-with-warranty-5fa646378e954', 'Intel® Core™ i3-7100 Processor', 7500, 60, 130, NULL, '2020-11-07-5fa646377f3ac.jpg', '0', '0', '0', '0', 'Intel® Core™ i3-7100 Processor\r\n3M Cache, 3.90 GHz\r\nCPU Specifications\r\n# of Cores\r\n2\r\n\r\n# of Threads\r\n4\r\n\r\nProcessor Base Frequency\r\n3.90 GHz\r\n\r\nCache\r\n3 MB Intel® Smart Cache\r\n\r\nBus Speed\r\n8 GT/s\r\n\r\n# of QPI Links\r\n0\r\n\r\nTDP\r\n51 W', '6th Month replace', NULL, NULL, '2020-11-07 07:01:11', '2020-11-25 19:39:25'),
(38, 1, 6, 7, 6, 7, 1, 1, 1, 'Desktop Processor Intel Core i3 7th Gen 7100T', 'desktop-processor-intel-core-i3-7th-gen-7100t-5fa6482a3af27', 'Intel® Core™ i3-7Intel® Core™ i3-7100T Processor', 7000, 60, 130, NULL, '2020-11-07-5fa6482a1c964.jpg', '0', '0', '0', '0', 'Intel® Core™ i3-7100T Processor\r\n3M Cache, 3.40 GHz\r\nCPU Specifications\r\n# of Cores\r\n2\r\n\r\n# of Threads\r\n4\r\n\r\nProcessor Base Frequency\r\n3.40 GHz\r\n\r\nCache\r\n3 MB Intel® Smart Cache\r\n\r\nBus Speed\r\n8 GT/s\r\n\r\n# of QPI Links\r\n0\r\n\r\nTDP\r\n35 W\r\n\r\nConfigurable TDP-down Frequency\r\n2.40 GHz\r\n\r\nConfigurable TDP-down\r\n25 W', NULL, NULL, NULL, '2020-11-07 07:09:30', '2020-11-25 20:34:13'),
(39, 1, 6, 9, 8, 6, 1, 1, 1, 'Gigabyte Brand G-31M Model Desktop Motherboard 1 Year Warranty', 'gigabyte-brand-g-31m-model-desktop-motherboard-1-year-warranty-5fa648f7926a3', 'GA-G31M-ES2L', 2200, 60, 130, NULL, '2020-11-07-5fa648f785c43.jpg', '0', '0', '0', '0', 'Unique On/Off Charge delivers the best recharging capability to iPad, iPhone and iPod Touch\r\n3x USB power delivery for greater compatibility and extra power for USB devices\r\nRevolution energy saving design with Easy Energy Saver technology to FSB 1600 (O.C.)\r\nSupports Intel Core™ 2 multi-core and upcoming 45nm processors\r\nSolid capacitors and Ferrite core choke design in CPU VRM\r\nDual Channel DDR2 1066(O.C.) for remarkable system performance\r\nIntegrated Intel Graphics Media Accelerator 3100 (Intel GMA 3100)\r\nFeatures high speed Gigabit Ethernet\r\nIntegrated 8 channel High Definition audio\r\nDualBIOS solution gives a multiple security to the system', '1 Year Replace Warranty', NULL, NULL, '2020-11-07 07:12:55', '2020-11-19 19:22:00'),
(40, 1, 6, 9, 8, 5, 1, 1, 1, 'Desktop Motherboard Gigabyte G-41M Combo With-1 Year Warranty', 'desktop-motherboard-gigabyte-g-41m-combo-with-1-year-warranty-5fa6497048a02', 'GA-G41M-Combo', 3000, 60, 130, NULL, '2020-11-07-5fa6497039824.jpg', '0', '0', '0', '0', 'Revolution energy saving design with Easy Energy Saver technology\r\nSupports 45nm Intel Core 2 multi-core processors with FSB 1333MHz\r\nSupports both DDR2 and DDR3 memory for great flexibility\r\nIntegrated Intel Graphics Media Accelerator X4500 (DirectX 10)\r\nFeatures high speed Gigabit Ethernet connection\r\nIntegrated High Definition Audio codec\r\nPatented DualBIOS™ technology delivering highest level failure protection\r\nCompatible with Window 7 to deliver the best operation experience\r\nMeet European Union ErP(Energy-related Products) requirement', '1 Year Replace Warranty', NULL, NULL, '2020-11-07 07:14:56', '2020-11-25 21:40:30'),
(41, 1, 6, 9, 8, 7, 1, 1, 1, 'Desktop Motherboard Gigabyte Brand G-41 S2P With 1 Year Warranty', 'desktop-motherboard-gigabyte-brand-g-41-s2p-with-1-year-warranty-5fa64a398197a', 'GA-G41MT-S2P', 2500, 60, 130, NULL, '2020-11-07-5fa64a396376c.jpg', '0', '0', '0', '0', 'Next Gen. Quality Components and 4 Phase CPU Power design\r\nJapanese Solid Capacitor for CPU VRM\r\nSupports 45nm Intel Core 2 multi-core processors with FSB 1333 MHz\r\nUnique On/Off Charge delivers the best recharging capability to iPad, iPhone and iPod Touch\r\n3X USB power delivery for greater compatibility and extra power for USB devices\r\nHi-def 108dB Signal-to-noise ratio Blu-ray™ DVD audio playback\r\nRevolution energy saving design with Easy Energy Saver technology\r\nIntegrated Intel Graphics Media Accelerator X4500 (DirectX 10)\r\nFeatures high speed Gigabit Ethernet.\r\nDualBIOS™ protection with 3TB+ HDD boot up capability\r\nCompatible with Window 7 to deliver the best operation experience\r\nMeet European Union ErP(Energy-related Products) requirement', '1 Year Replace Warranty', NULL, NULL, '2020-11-07 07:18:17', '2020-11-25 21:23:18'),
(42, 1, 6, 9, 8, 6, 1, 1, 1, 'Desktop Motherboard Gigabyte H-55M With -1 Year Warranty', 'desktop-motherboard-gigabyte-h-55m-with-1-year-warranty-5fa64bd360a64', 'GA-H55-USB3', 5500, 60, 130, NULL, '2020-11-07-5fa64bd352488.jpg', '0', '0', '0', '0', 'GA-H55-USB3 (rev. 1.0) GA-H55-USB3 (rev. 1.0)\r\nUnique On/Off Charge delivers the best recharging capability to iPad, iPhone and iPod Touch\r\n3x USB power delivery for greater compatibility and extra power for USB devices\r\nLeading quality standard of Ultra Durable™ 3 technology with 2oz copper PCB design\r\nInnovative Smart 6 technology for smarter PC management\r\nSupports Intel Core i7/ Core i5/ Core i3 LGA1156 processors featuring integrated Intel HD Graphics\r\nDynamic Energy Saver™ 2 technology enables best energy efficiency\r\nUltimate graphics performance with PCI-E x16 interface\r\nSupports newest NEC SuperSpeed USB 3.0 with superfast transfer rates of up to 5 Gbps\r\n3X USB power delivery for greater compatibility and extra power for USB devices\r\nAutoGreen technology Greening your PC via Bluetooth cellphone\r\nPatented DualBIOS™ technology delivering highest level failure protection\r\nEasy BIOS setting for GPU overclocking\r\nEnhanced Intel HD Graphics integrated with the processor\r\nIntegrated HDMI/ DVI/ DisplayPort interface for smoother HD video playback\r\nSupports Dolby Home Theater audio to create a stunning surround sound listening experience\r\nHigh-performance DAC with 108 dB Signal-to-Noise ratio playback quality\r\nCompatible with Windows 7 to deliver the best operation experience\r\nMeet European Union ErP(Energy-related Products) requirement', '1 Year Replace Warranty', NULL, NULL, '2020-11-07 07:25:07', '2020-11-19 16:27:49'),
(43, 1, 6, 9, 8, 6, 1, 1, 1, 'Desktop Motherboard Gigabyte H-61M-CS2V -With 1 Year Warranty', 'desktop-motherboard-gigabyte-h-61m-cs2v-with-1-year-warranty-5fa64cca53a5c', 'Gigabyte H-61M DS2', 3800, 60, 130, NULL, '2020-11-07-5fa64cca47515.jpg', '0', '0', '0', '0', 'Motherboard Gigabyte Brand -\r\nModel H-61M-DS2V \r\nCore i3 /i5/i7 2nd Gen/3rd Gen Support', '1 Year Replace Warranty', NULL, NULL, '2020-11-07 07:29:14', '2020-11-19 17:06:56'),
(44, 1, 6, 5, 56, 5, 1, 1, 1, 'Desktop Budget PC Intel Core i3 4GB Ram -500GB HDD-17\"LED 3 Year', 'desktop-budget-pc-intel-core-i3-4gb-ram-500gb-hdd-17led-3-year-5fa6b81927462', 'Core i3 540 -3.060GHZ', 12000, 60, 130, NULL, '2020-11-07-5fa6b819182cc.jpg', '0', '0', '0', '0', '# Processor Intel Core i3 \r\nModel 540-clock speed 3.060GHZ \r\nMotherboard Intel Chip H-55 \r\nCasin ATX \r\nmonitor 17\" LED', '2 Year Services', NULL, NULL, '2020-11-07 15:07:05', '2020-11-20 12:02:33'),
(45, 1, 6, 5, 56, 4, 1, 1, 1, 'Low Budget PC-Intel Core i3 -4GB Ram 320GB HDD-17\" LED-3 Year Warranty', 'low-budget-pc-intel-core-i3-4gb-ram-320gb-hdd-17-led-3-year-warranty-5fa6ba29b1b88', 'Core i3 530-2.90GHZ', 11000, 60, 130, NULL, '2020-11-07-5fa6ba299f654.jpg', '0', '0', '0', '0', '-Intel Core i3 -Model 530 \r\n2.930GHZ \r\n4GB Ram Samsung  320GB Sata WD-  HDD-17\" LED-Gigasonic', '1 Year Replace & 2 Year Services', NULL, NULL, '2020-11-07 15:15:53', '2020-11-19 13:10:19'),
(46, 1, 6, 5, 54, 5, 1, 1, 1, 'Official Desktop PC-Core i3 -Ram-4GB -SSD 120GB & Monitor 17\" LED 3 Year Warranty', 'official-desktop-pc-core-i3-ram-4gb-ssd-120gb-monitor-17-led-3-year-warranty-5fa6bbed3e4a3', 'Core i3 550 3.20GHZ 4MB Cache', 12500, 60, 130, NULL, '2020-11-07-5fa6bbed300dd.jpg', '0', '0', '0', '0', 'Intel H55 motherboard, SSD 120GB  SATA Solid State Drive , 3.20 GHz processor, HD AGP card built in 2GB graphics, 8 GT/s BUS speed, 65W thermal design power, 64 GB maximum memory size, 3.0 PCI express revision, FCLGA1156 sockets supported.', '1 Year Replace & 2 Year Services', NULL, NULL, '2020-11-07 15:23:25', '2020-11-19 11:48:47'),
(47, 1, 6, 9, 8, 6, 1, 1, 1, 'Desktop Motherboard Gigabyte H-410M H 10th Support -3 Year Warranty', 'desktop-motherboard-gigabyte-h-410m-h-10th-support-3-year-warranty-5fa90b5916679', 'Gigabyte H410M H 10th Gen Micro ATX Motherboard', 7800, 60, 130, NULL, '2020-11-09-5fa90b5908de5.jpg', '0', '0', '0', '0', 'Features\r\nModel: Gigabyte H410M H\r\nIntel Socket LGA1200 for 10th Gen Processors\r\n8-Channel HD Audio\r\nSmart Fan 5 features\r\nAnti-Sulfur Resistors Design', '3 year warranty', NULL, NULL, '2020-11-09 09:26:49', '2020-11-19 15:47:59'),
(48, 1, 6, 12, 10, 4, 1, 1, 1, 'Desktop Toshiba Hard Disk 500GB Sata -1 Year Replace Warranty', 'desktop-toshiba-hard-disk-500gb-sata-1-year-replace-warranty-5faf788e431c0', 'HDD-500GB Sata dt01aca050', 1500, 60, 130, NULL, '2020-11-14-5faf788dda5a3.jpg', '0', '0', '0', '0', 'Toshiba DT01ACA050 500GB SATA Hard Drive\r\nCapacity: 500GB\r\n\r\nSpeed: 7,200RPM\r\n\r\nInterface Types: SATA\r\n\r\nForm Factor: 3.5inx1.0in LFF Hard Drive\r\n\r\nSector Size: 512 / 512e\r\n\r\nElectrical Interface: SATA 600 - 6.0Gbps\r\n\r\nOn-Board Cache: 32MB', '1 Year Replace Warranty', NULL, NULL, '2020-11-14 06:26:22', '2020-11-19 20:35:20'),
(49, 1, 6, 12, 10, 4, 1, 1, 1, 'Toshiba 1TB Sata Desktop Hard Disk-1 Year Replace Warranty', 'toshiba-1tb-sata-desktop-hard-disk-1-year-replace-warranty-5faf79b575252', 'Model: Toshiba DT01ACA100 1TB SATA Hard Disk', 3100, 60, 130, NULL, '2020-11-14-5faf79b547d8b.jpg', '0', '0', '0', '0', 'Features\r\nModel: Toshiba DT01ACA100 1TB SATA Hard Disk\r\nCapacity:1TB\r\nInterface: SATA 6Gb/s\r\nRotational Speed: 7200 RPM\r\nLatency Average: 6Gb/s', '1 Year Replace Warranty', NULL, NULL, '2020-11-14 06:31:17', '2020-11-19 21:46:28'),
(50, 1, 6, 12, 10, 7, 1, 1, 1, 'Toshiba 2TB Sata Desktop Hard Disk-1 Year Replace Warranty', 'toshiba-2tb-sata-desktop-hard-disk-1-year-replace-warranty-5faf7a92c86ff', 'Model: Toshiba 2TB DT01ACA200 SATA Hard Disk', 4200, 60, 130, NULL, '2020-11-14-5faf7a92bad52.jpg', '0', '0', '0', '0', 'Features\r\nModel: Toshiba 2TB DT01ACA200 SATA Hard Disk\r\nCapacity: 2TB\r\nInterface: ATA-8 Serial ATA 3.0\r\nRotational Speed: 7200RPM\r\nForm factor: 3.5 inch\r\nBuffer size	32 MByte\r\nNon-operating (Maximum)	350 G, with 2 ms half sine wave\r\nSupported interface standards	ATA-8\r\nSerial ATA 3.0\r\nInternal or External	Internal\r\nCapacity (GB)	2000 GB\r\nRPM	7200', '1 Year Replace Warranty', NULL, NULL, '2020-11-14 06:34:58', '2020-11-22 20:01:01'),
(51, 1, 6, 12, 10, 4, 1, 1, 1, 'Toshiba 4TB Sata Desktop Hard Disk-2 Year Replace Warranty', 'toshiba-4tb-sata-desktop-hard-disk-2-year-replace-warranty-5faf7bd4888c8', 'Model: Toshiba MD04ACA400 4TB', 8000, 60, 130, NULL, '2020-11-14-5faf7bd4690ef.jpg', '0', '0', '0', '0', 'Features\r\nModel: Toshiba MD04ACA400 4TB\r\nCapacity:4TB\r\nInterface: ATA-8 Serial ATA 3.0\r\nRotational Speed: 5400 RPM\r\nLatency Time: 4.17ms\r\nHard Disk\r\nBuffer size	64 MByte\r\nNon-operating (Maximum)	300 G, with 2 ms half sine wave\r\nSingle track seek time (read)	0.5 ms\r\nSingle track seek time (write)	0.6 ms\r\nSupported interface standards	ATA-8\r\nSerial ATA 3.0\r\nInternal or External	Internal\r\nCapacity (GB)	4000 GB\r\nRPM	5400\r\nWarranty	2 Year', '2 Year Replace Warranty', NULL, NULL, '2020-11-14 06:40:20', '2020-11-20 00:10:26'),
(52, 1, 6, 5, 56, 0, 0, 0, 1, 'Budget pc Core i3 3rd Gen 4G Ram 500 GB  19\" LED 3 Year', 'budget-pc-core-i3-3rd-gen-4g-ram-500-gb-19-led-3-year-5fb5301cd83ce', 'Core i3 3rd Gen G3220', 14500, 60, 130, NULL, '2020-11-18-5fb5301cc1d9d.jpg', '0', '0', '0', '0', 'Processor Intel Core i3 3rd Gen 3220 3.30GHZ \r\nMotherboard Intel Chip H-61M \r\nRam DDR3 4GB \r\nHard dsik 500 GB', NULL, NULL, NULL, '2020-11-18 14:30:52', '2020-11-18 14:30:52');

-- --------------------------------------------------------

--
-- Table structure for table `item_user`
--

CREATE TABLE `item_user` (
  `id` bigint(20) UNSIGNED NOT NULL,
  `item_id` bigint(20) UNSIGNED NOT NULL,
  `user_id` int(11) NOT NULL,
  `created_at` timestamp NULL DEFAULT NULL,
  `updated_at` timestamp NULL DEFAULT NULL
) ENGINE=InnoDB DEFAULT CHARSET=utf8mb4 COLLATE=utf8mb4_unicode_ci;

-- --------------------------------------------------------

--
-- Table structure for table `migrations`
--

CREATE TABLE `migrations` (
  `id` int(10) UNSIGNED NOT NULL,
  `migration` varchar(255) COLLATE utf8mb4_unicode_ci NOT NULL,
  `batch` int(11) NOT NULL
) ENGINE=InnoDB DEFAULT CHARSET=utf8mb4 COLLATE=utf8mb4_unicode_ci;

-- --------------------------------------------------------

--
-- Table structure for table `pages`
--

CREATE TABLE `pages` (
  `id` bigint(20) UNSIGNED NOT NULL,
  `name` varchar(255) COLLATE utf8mb4_unicode_ci NOT NULL,
  `slug` varchar(255) COLLATE utf8mb4_unicode_ci NOT NULL,
  `status` tinyint(1) NOT NULL DEFAULT 1,
  `body` longtext COLLATE utf8mb4_unicode_ci NOT NULL,
  `views` int(11) NOT NULL DEFAULT 0,
  `created_at` timestamp NULL DEFAULT NULL,
  `updated_at` timestamp NULL DEFAULT NULL
) ENGINE=InnoDB DEFAULT CHARSET=utf8mb4 COLLATE=utf8mb4_unicode_ci;

-- --------------------------------------------------------

--
-- Table structure for table `password_resets`
--

CREATE TABLE `password_resets` (
  `email` varchar(255) COLLATE utf8mb4_unicode_ci NOT NULL,
  `token` varchar(255) COLLATE utf8mb4_unicode_ci NOT NULL,
  `created_at` timestamp NULL DEFAULT NULL
) ENGINE=InnoDB DEFAULT CHARSET=utf8mb4 COLLATE=utf8mb4_unicode_ci;

-- --------------------------------------------------------

--
-- Table structure for table `permissions`
--

CREATE TABLE `permissions` (
  `id` bigint(20) UNSIGNED NOT NULL,
  `name` varchar(255) COLLATE utf8mb4_unicode_ci NOT NULL,
  `slug` varchar(255) COLLATE utf8mb4_unicode_ci NOT NULL,
  `created_at` timestamp NULL DEFAULT NULL,
  `updated_at` timestamp NULL DEFAULT NULL
) ENGINE=InnoDB DEFAULT CHARSET=utf8mb4 COLLATE=utf8mb4_unicode_ci;

-- --------------------------------------------------------

--
-- Table structure for table `roles`
--

CREATE TABLE `roles` (
  `id` int(10) UNSIGNED NOT NULL,
  `name` varchar(255) COLLATE utf8mb4_unicode_ci NOT NULL,
  `slug` varchar(255) COLLATE utf8mb4_unicode_ci NOT NULL,
  `created_at` timestamp NULL DEFAULT NULL,
  `updated_at` timestamp NULL DEFAULT NULL
) ENGINE=InnoDB DEFAULT CHARSET=utf8mb4 COLLATE=utf8mb4_unicode_ci;

--
-- Dumping data for table `roles`
--

INSERT INTO `roles` (`id`, `name`, `slug`, `created_at`, `updated_at`) VALUES
(1, 'Admin', 'admin', NULL, NULL),
(2, 'Client', 'client', NULL, NULL);

-- --------------------------------------------------------

--
-- Table structure for table `settings`
--

CREATE TABLE `settings` (
  `id` bigint(20) UNSIGNED NOT NULL,
  `site_name` varchar(255) COLLATE utf8mb4_unicode_ci NOT NULL DEFAULT 'pchutbd',
  `head_img` varchar(255) COLLATE utf8mb4_unicode_ci NOT NULL DEFAULT 'logo.png',
  `foo_img` varchar(255) COLLATE utf8mb4_unicode_ci NOT NULL DEFAULT 'footer.png',
  `favicon` varchar(255) COLLATE utf8mb4_unicode_ci NOT NULL DEFAULT 'favicon.png',
  `fb` varchar(255) COLLATE utf8mb4_unicode_ci NOT NULL DEFAULT 'https://fb.me',
  `instra` varchar(255) COLLATE utf8mb4_unicode_ci NOT NULL DEFAULT 'https://instragram.com',
  `youtube` varchar(255) COLLATE utf8mb4_unicode_ci NOT NULL DEFAULT 'https://youtube.com',
  `pinterest` varchar(255) COLLATE utf8mb4_unicode_ci NOT NULL DEFAULT 'https://www.pinterest.com/',
  `faq` varchar(255) COLLATE utf8mb4_unicode_ci NOT NULL DEFAULT '#',
  `contact` varchar(255) COLLATE utf8mb4_unicode_ci NOT NULL DEFAULT '#',
  `career` varchar(255) COLLATE utf8mb4_unicode_ci NOT NULL DEFAULT '#',
  `privacy` varchar(255) COLLATE utf8mb4_unicode_ci NOT NULL DEFAULT '#',
  `terms` varchar(255) COLLATE utf8mb4_unicode_ci NOT NULL DEFAULT '#',
  `app` varchar(255) COLLATE utf8mb4_unicode_ci NOT NULL DEFAULT '#',
  `copyright` varchar(255) COLLATE utf8mb4_unicode_ci NOT NULL DEFAULT 'Copyright © PCHUTBD.com',
  `created_at` timestamp NULL DEFAULT NULL,
  `updated_at` timestamp NULL DEFAULT NULL
) ENGINE=InnoDB DEFAULT CHARSET=utf8mb4 COLLATE=utf8mb4_unicode_ci;

--
-- Dumping data for table `settings`
--

INSERT INTO `settings` (`id`, `site_name`, `head_img`, `foo_img`, `favicon`, `fb`, `instra`, `youtube`, `pinterest`, `faq`, `contact`, `career`, `privacy`, `terms`, `app`, `copyright`, `created_at`, `updated_at`) VALUES
(1, 'pchutbd', 'pchutbd5f803c5fb014b-2020-10-09-5f803c5fb0153.jpg', 'pchutbd5f7380e957514-2020-09-30-5f7380e986029.png', 'pchutbd5f7380e957514-2020-09-30-5f7380e988705.png', 'https://fb.me', 'https://instragram.com', 'https://youtube.com', 'https://www.pinterest.com/', '#', '#', '#', '#', '#', '#', 'Copyright © PCHUTBD.com', '2020-09-01 17:56:27', '2020-10-09 10:33:03');

-- --------------------------------------------------------

--
-- Table structure for table `stalls`
--

CREATE TABLE `stalls` (
  `id` bigint(20) UNSIGNED NOT NULL,
  `user_id` int(10) UNSIGNED NOT NULL,
  `item_limit` int(11) NOT NULL DEFAULT 1,
  `status` tinyint(1) NOT NULL DEFAULT 0,
  `item_exp` date DEFAULT NULL,
  `plan` varchar(255) COLLATE utf8mb4_unicode_ci DEFAULT NULL,
  `type` varchar(255) COLLATE utf8mb4_unicode_ci DEFAULT NULL,
  `name` varchar(255) COLLATE utf8mb4_unicode_ci NOT NULL,
  `slug` varchar(255) COLLATE utf8mb4_unicode_ci NOT NULL,
  `phone` varchar(255) COLLATE utf8mb4_unicode_ci NOT NULL,
  `email` varchar(255) COLLATE utf8mb4_unicode_ci DEFAULT NULL,
  `web` varchar(255) COLLATE utf8mb4_unicode_ci DEFAULT NULL,
  `fax` varchar(255) COLLATE utf8mb4_unicode_ci DEFAULT NULL,
  `person_name` varchar(255) COLLATE utf8mb4_unicode_ci DEFAULT NULL,
  `hotline1` varchar(255) COLLATE utf8mb4_unicode_ci DEFAULT NULL,
  `hotline2` varchar(255) COLLATE utf8mb4_unicode_ci DEFAULT NULL,
  `business` varchar(255) COLLATE utf8mb4_unicode_ci DEFAULT NULL,
  `address` text COLLATE utf8mb4_unicode_ci NOT NULL,
  `area` varchar(255) COLLATE utf8mb4_unicode_ci DEFAULT NULL,
  `city` varchar(255) COLLATE utf8mb4_unicode_ci NOT NULL,
  `country` varchar(255) COLLATE utf8mb4_unicode_ci NOT NULL DEFAULT 'Bangladesh',
  `img` varchar(255) COLLATE utf8mb4_unicode_ci NOT NULL DEFAULT 'picture.jpg',
  `postcode` int(11) DEFAULT NULL,
  `about` text COLLATE utf8mb4_unicode_ci DEFAULT NULL,
  `created_at` timestamp NULL DEFAULT NULL,
  `updated_at` timestamp NULL DEFAULT NULL
) ENGINE=InnoDB DEFAULT CHARSET=utf8mb4 COLLATE=utf8mb4_unicode_ci;

--
-- Dumping data for table `stalls`
--

INSERT INTO `stalls` (`id`, `user_id`, `item_limit`, `status`, `item_exp`, `plan`, `type`, `name`, `slug`, `phone`, `email`, `web`, `fax`, `person_name`, `hotline1`, `hotline2`, `business`, `address`, `area`, `city`, `country`, `img`, `postcode`, `about`, `created_at`, `updated_at`) VALUES
(1, 6, 2000, 1, '2024-10-12', 'Desktop Computer', 'Business', 'Madani Traders', 'madani-traders-5f9d5d3ae88f6', '01833685828', 'madanipc005@gmail.com', NULL, NULL, 'md mohsin', '01772829072', NULL, 'busniess', 'Shop No : 319, 2nd Floor, Alpona Plaza, New Elephent Road.\r\nElephantRoad, Dhaka, Bangladesh\r\nMD Mohsin alom\r\nHotline1 0183-368-5828\r\nHotline2 0177-282-9072', '51 new elephant road', 'Dhaka', 'Bangladesh', 'picture.jpg', 88, 'This is a Brand New Computer and security camera Shop. We sell all kinds of Computer accessories, Desktop Computer, Security camera , Security Accessories, Brand New laptop, laptop charger. We are giving you a good price of a', '2020-10-31 12:48:58', '2020-10-31 12:51:40');

-- --------------------------------------------------------

--
-- Table structure for table `subcategories`
--

CREATE TABLE `subcategories` (
  `id` int(10) UNSIGNED NOT NULL,
  `name` varchar(255) COLLATE utf8mb4_unicode_ci NOT NULL,
  `Category_id` bigint(20) UNSIGNED NOT NULL,
  `slug` varchar(255) COLLATE utf8mb4_unicode_ci NOT NULL,
  `img` varchar(255) COLLATE utf8mb4_unicode_ci NOT NULL DEFAULT 'default.png',
  `status` tinyint(1) NOT NULL DEFAULT 0,
  `created_at` timestamp NULL DEFAULT NULL,
  `updated_at` timestamp NULL DEFAULT NULL
) ENGINE=InnoDB DEFAULT CHARSET=utf8mb4 COLLATE=utf8mb4_unicode_ci;

--
-- Dumping data for table `subcategories`
--

INSERT INTO `subcategories` (`id`, `name`, `Category_id`, `slug`, `img`, `status`, `created_at`, `updated_at`) VALUES
(1, 'Gaming Laptop', 1, 'gaming-laptop', 'gaming-laptop-2020-10-27-5f982eae01165.jpg', 1, '2020-10-27 14:29:02', '2020-10-27 14:29:02'),
(3, 'Monitor', 3, 'monitor', 'monitor-2020-10-27-5f984c47eb48a.jpg', 1, '2020-10-27 16:35:20', '2020-10-27 16:35:20'),
(4, 'All In One PC', 1, 'all-in-one-pc', 'all-in-one-pc-2020-10-27-5f984e339934f.jpg', 1, '2020-10-27 16:43:31', '2020-10-27 16:43:31'),
(5, 'Desktop PC', 1, 'desktop-pc', 'desktop-pc-2020-10-27-5f984fa1e2be7.jpg', 1, '2020-10-27 16:49:37', '2020-10-27 16:49:37'),
(6, 'Gaming PC', 1, 'gaming-pc', 'gaming-pc-2020-10-27-5f98502e58f39.jpg', 1, '2020-10-27 16:51:58', '2020-10-27 16:51:58'),
(7, 'Processor', 4, 'processor', 'processor-2020-10-28-5f9967403c474.jpg', 1, '2020-10-28 12:42:40', '2020-10-28 12:42:40'),
(8, 'Headphone', 4, 'headphone', 'headphone-2020-10-28-5f9968baa6147.jpg', 1, '2020-10-28 12:48:58', '2020-10-28 12:48:58'),
(9, 'Motherboard', 4, 'motherboard', 'motherboard-2020-10-28-5f996a2bb6b45.jpg', 1, '2020-10-28 12:55:07', '2020-10-28 12:55:07'),
(10, 'RAM', 4, 'ram', 'ram-2020-10-28-5f996b2831fc2.jpg', 1, '2020-10-28 12:59:20', '2020-10-28 12:59:20'),
(11, 'UPS', 4, 'ups', 'ups-2020-10-31-5f9d3958c569b.jpg', 1, '2020-10-31 10:15:52', '2020-10-31 10:15:52'),
(12, 'Hard Disk', 4, 'hard-disk', 'hard-disk-2020-10-31-5f9d3a1528040.jpg', 1, '2020-10-31 10:19:01', '2020-10-31 10:19:01'),
(13, 'SSD', 4, 'ssd', 'ssd-2020-10-31-5f9d3b642fb63.jpg', 1, '2020-10-31 10:24:36', '2020-10-31 10:24:36'),
(14, 'Graphics Card', 4, 'graphics-card', 'graphics-card-2020-10-31-5f9d3ca8763a2.jpg', 1, '2020-10-31 10:30:00', '2020-10-31 10:30:00'),
(15, 'Mouse', 4, 'mouse', 'mouse-2020-10-31-5f9d3daf265df.jpg', 1, '2020-10-31 10:34:23', '2020-10-31 10:34:23'),
(16, 'Keyboard', 4, 'keyboard', 'keyboard-2020-10-31-5f9d507945326.jpg', 1, '2020-10-31 11:54:33', '2020-10-31 11:54:33'),
(17, 'CPU Cooler', 4, 'cpu-cooler', 'cpu-cooler-2020-10-31-5f9d515a76aa8.jpg', 1, '2020-10-31 11:58:18', '2020-10-31 11:58:18'),
(18, 'DVD Writer', 4, 'dvd-writer', 'dvd-writer-2020-10-31-5f9d5236d24c1.jpg', 1, '2020-10-31 12:01:58', '2020-10-31 12:01:58'),
(19, 'Computer Casing', 4, 'computer-casing', 'computer-casing-2020-10-31-5f9d529cd9002.jpg', 1, '2020-10-31 12:03:40', '2020-10-31 12:03:40'),
(20, 'Internet Modem', 4, 'internet-modem', 'internet-modem-2020-10-31-5f9d53b7bd09c.jpg', 1, '2020-10-31 12:08:23', '2020-10-31 12:08:23'),
(21, 'Webcam', 4, 'webcam', 'webcam-2020-10-31-5f9d54b24da1d.jpg', 1, '2020-10-31 12:12:34', '2020-10-31 12:12:34'),
(22, 'TV Card', 4, 'tv-card', 'tv-card-2020-10-31-5f9d558743f03.jpg', 1, '2020-10-31 12:16:07', '2020-10-31 12:16:07'),
(23, 'Pen Drive', 4, 'pen-drive', 'pen-drive-2020-10-31-5f9d56c81a9e5.jpg', 1, '2020-10-31 12:19:36', '2020-10-31 12:21:28'),
(24, 'Cable', 4, 'cable', 'cable-2020-10-31-5f9d57a812986.jpg', 1, '2020-10-31 12:25:12', '2020-10-31 12:25:12'),
(25, 'Multi Plug', 4, 'multi-plug', 'multi-plug-2020-10-31-5f9d585eeae2a.jpg', 1, '2020-10-31 12:28:14', '2020-10-31 12:28:14'),
(26, 'Power Supply', 4, 'power-supply', 'power-supply-2020-10-31-5f9d58f167ced.jpg', 1, '2020-10-31 12:30:41', '2020-10-31 12:30:41'),
(27, 'USB Hub', 4, 'usb-hub', 'usb-hub-2020-10-31-5f9d5a6375051.jpg', 1, '2020-10-31 12:33:47', '2020-10-31 12:36:51'),
(28, 'UPS Battery', 4, 'ups-battery', 'ups-battery-2020-10-31-5f9d5ab0d5b93.jpg', 1, '2020-10-31 12:38:08', '2020-10-31 12:38:08'),
(29, 'Card Reader', 4, 'card-reader', 'card-reader-2020-11-03-5fa1464a9c557.jpg', 1, '2020-11-03 12:00:10', '2020-11-03 12:00:10'),
(30, 'Blank Disk', 4, 'blank-disk', 'blank-disk-2020-11-03-5fa147607e22b.jpg', 1, '2020-11-03 12:04:48', '2020-11-03 12:04:48'),
(31, 'Sound Card', 4, 'sound-card', 'sound-card-2020-11-03-5fa1481d871f5.jpg', 1, '2020-11-03 12:07:57', '2020-11-03 12:07:57'),
(32, 'Thermal Paste', 4, 'thermal-paste', 'thermal-paste-2020-11-03-5fa148ddcb511.jpg', 1, '2020-11-03 12:11:09', '2020-11-03 12:11:09'),
(33, 'Gaming Chair', 4, 'gaming-chair', 'gaming-chair-2020-11-03-5fa1493850c86.jpg', 1, '2020-11-03 12:12:40', '2020-11-03 12:12:40'),
(34, 'Mouse Pad', 4, 'mouse-pad', 'mouse-pad-2020-11-03-5fa1498975ca0.jpg', 1, '2020-11-03 12:14:01', '2020-11-03 12:14:01'),
(35, 'Laptop', 1, 'laptop', 'laptop-2020-11-04-5fa29140abbe0.jpg', 1, '2020-11-04 11:29:53', '2020-11-04 11:32:16'),
(36, 'Used Laptop', 1, 'used-laptop', 'used-laptop-2020-11-04-5fa29348b8bc7.jpg', 1, '2020-11-04 11:40:56', '2020-11-04 11:40:56'),
(37, 'Brand PC', 1, 'brand-pc', 'brand-pc-2020-11-04-5fa295d7d9e7b.jpg', 1, '2020-11-04 11:51:51', '2020-11-04 11:51:51'),
(38, 'Mini PC', 1, 'mini-pc', 'mini-pc-2020-11-04-5fa297ae29632.jpg', 1, '2020-11-04 11:59:42', '2020-11-04 11:59:42'),
(39, 'Tablet PC', 1, 'tablet-pc', 'tablet-pc-2020-11-04-5fa298bb8b4bc.jpg', 1, '2020-11-04 12:04:11', '2020-11-04 12:04:11'),
(40, 'Graphics Tablet', 1, 'graphics-tablet', 'graphics-tablet-2020-11-04-5fa2996ba1e0c.jpg', 1, '2020-11-04 12:07:07', '2020-11-04 12:07:07'),
(41, 'Signature Pad', 1, 'signature-pad', 'signature-pad-2020-11-04-5fa29a50ad040.jpg', 1, '2020-11-04 12:10:56', '2020-11-04 12:10:56'),
(42, 'Server', 1, 'server', 'server-2020-11-04-5fa29a9942973.jpg', 1, '2020-11-04 12:12:09', '2020-11-04 12:12:09'),
(43, 'Server Rack', 1, 'server-rack', 'server-rack-2020-11-04-5fa29b8e947ad.jpg', 1, '2020-11-04 12:16:14', '2020-11-04 12:16:14'),
(44, 'Workstation', 1, 'workstation', 'workstation-2020-11-04-5fa29c01dc9df.jpg', 1, '2020-11-04 12:18:09', '2020-11-04 12:18:09'),
(45, 'Computer Repair', 1, 'computer-repair', 'computer-repair-2020-11-04-5fa29cf3a99d4.jpg', 1, '2020-11-04 12:22:11', '2020-11-04 12:22:11'),
(46, 'Laptop Battery', 5, 'laptop-battery', 'laptop-battery-2020-11-04-5fa29d647fa27.jpg', 1, '2020-11-04 12:24:04', '2020-11-04 12:24:04'),
(47, 'Laptop Charger', 5, 'laptop-charger', 'laptop-charger-2020-11-04-5fa29dcd6e7e8.jpg', 1, '2020-11-04 12:25:49', '2020-11-04 12:25:49'),
(48, 'Laptop Bag', 5, 'laptop-bag', 'laptop-bag-2020-11-04-5fa29e57cbaba.jpg', 1, '2020-11-04 12:28:07', '2020-11-04 12:28:07'),
(49, 'Laptop Cooler', 5, 'laptop-cooler', 'laptop-cooler-2020-11-04-5fa29e940c4ef.jpg', 1, '2020-11-04 12:29:08', '2020-11-04 12:29:08'),
(50, 'Laptop Display', 5, 'laptop-display', 'laptop-display-2020-11-04-5fa29eccaf84f.jpg', 1, '2020-11-04 12:30:04', '2020-11-04 12:30:04'),
(51, 'Laptop Keyboard', 5, 'laptop-keyboard', 'laptop-keyboard-2020-11-04-5fa29f440fc8c.jpg', 1, '2020-11-04 12:32:04', '2020-11-04 12:32:04'),
(52, 'Laptop Table', 5, 'laptop-table', 'laptop-table-2020-11-04-5fa29fb272861.jpg', 1, '2020-11-04 12:33:54', '2020-11-04 12:33:54'),
(53, 'Router', 6, 'router', 'router-2020-11-04-5fa2a059cbe2c.jpg', 1, '2020-11-04 12:36:41', '2020-11-04 12:36:41'),
(54, 'Wireless Access Point', 6, 'wireless-access-point', 'wireless-access-point-2020-11-04-5fa2a1b8434ab.jpg', 1, '2020-11-04 12:42:32', '2020-11-04 12:42:32'),
(55, 'Wireless Bridge', 6, 'wireless-bridge', 'wireless-bridge-2020-11-04-5fa2a28f6de2a.jpg', 1, '2020-11-04 12:46:07', '2020-11-04 12:46:07'),
(56, 'WiFi Repeater', 6, 'wifi-repeater', 'wifi-repeater-2020-11-04-5fa2a2e1892e9.jpg', 1, '2020-11-04 12:47:29', '2020-11-04 12:47:29'),
(57, 'Network Switch', 6, 'network-switch', 'network-switch-2020-11-05-5fa3e1954caa8.jpg', 1, '2020-11-05 11:27:17', '2020-11-05 11:27:17'),
(58, 'WiFi Adapter', 6, 'wifi-adapter', 'wifi-adapter-2020-11-05-5fa3e78f32e06.jpg', 1, '2020-11-05 11:52:47', '2020-11-05 11:52:47'),
(59, 'Network Cable', 6, 'network-cable', 'network-cable-2020-11-05-5fa3e8c170090.jpg', 1, '2020-11-05 11:57:53', '2020-11-05 11:57:53'),
(60, 'Network Connector', 6, 'network-connector', 'network-connector-2020-11-05-5fa3e9993e7e3.jpg', 1, '2020-11-05 12:01:29', '2020-11-05 12:01:29'),
(61, 'Splicer Machine', 6, 'splicer-machine', 'splicer-machine-2020-11-05-5fa3ea3d345db.jpg', 1, '2020-11-05 12:04:13', '2020-11-05 12:04:13'),
(62, 'Wireless Antenna', 6, 'wireless-antenna', 'wireless-antenna-2020-11-05-5fa3ea9b9cb78.jpg', 1, '2020-11-05 12:05:47', '2020-11-05 12:05:47'),
(63, 'Optical Converter', 6, 'optical-converter', 'optical-converter-2020-11-05-5fa3eb0233ec4.jpg', 1, '2020-11-05 12:07:30', '2020-11-05 12:07:30'),
(64, 'KVM Switch', 6, 'kvm-switch', 'kvm-switch-2020-11-05-5fa3eb82e3041.jpg', 1, '2020-11-05 12:09:38', '2020-11-05 12:09:38'),
(65, 'Projector', 7, 'projector', 'projector-2020-11-05-5fa3ec4a25d20.jpg', 1, '2020-11-05 12:12:58', '2020-11-05 12:12:58'),
(66, 'Mini Projector', 7, 'mini-projector', 'mini-projector-2020-11-05-5fa3f028690c9.jpg', 1, '2020-11-05 12:29:28', '2020-11-05 12:29:28'),
(67, 'Overhead Projector', 7, 'overhead-projector', 'overhead-projector-2020-11-05-5fa3f0bb8ea79.jpg', 1, '2020-11-05 12:31:55', '2020-11-05 12:31:55'),
(68, 'Digital Interactive Whiteboard', 7, 'digital-interactive-whiteboard', 'digital-interactive-whiteboard-2020-11-05-5fa3f13e031e5.jpg', 1, '2020-11-05 12:34:06', '2020-11-05 12:34:06'),
(69, 'Projector Screen', 7, 'projector-screen', 'projector-screen-2020-11-05-5fa3f19e8c99f.jpg', 1, '2020-11-05 12:35:42', '2020-11-05 12:35:42'),
(70, 'Projector Mount', 7, 'projector-mount', 'projector-mount-2020-11-05-5fa3f22b5b5ca.jpg', 1, '2020-11-05 12:38:03', '2020-11-05 12:38:03'),
(71, 'Projector Lamp', 7, 'projector-lamp', 'projector-lamp-2020-11-05-5fa3f26d3d889.jpg', 1, '2020-11-05 12:39:09', '2020-11-05 12:39:09'),
(72, 'Wireless Presenter', 7, 'wireless-presenter', 'wireless-presenter-2020-11-05-5fa3f2be50dcc.jpg', 1, '2020-11-05 12:40:30', '2020-11-05 12:40:30'),
(73, 'Photocopier', 8, 'photocopier', 'photocopier-2020-11-05-5fa3f3d9c0d12.jpg', 1, '2020-11-05 12:45:13', '2020-11-05 12:45:13'),
(74, 'Printer', 8, 'printer', 'printer-2020-11-05-5fa3f569ed97c.jpg', 1, '2020-11-05 12:51:53', '2020-11-05 12:51:53'),
(75, 'Photo Printer', 8, 'photo-printer', 'photo-printer-2020-11-05-5fa3f66e95a22.jpg', 1, '2020-11-05 12:56:14', '2020-11-05 12:56:14'),
(76, 'Scanner', 8, 'scanner', 'scanner-2020-11-05-5fa3f7a4666f1.jpg', 1, '2020-11-05 13:01:24', '2020-11-05 13:01:24'),
(77, 'Banner Printer', 8, 'banner-printer', 'banner-printer-2020-11-05-5fa3f8abd9757.jpg', 1, '2020-11-05 13:05:47', '2020-11-05 13:05:47'),
(78, 'POS Printer', 8, 'pos-printer', 'pos-printer-2020-11-05-5fa3f96db3abe.jpg', 1, '2020-11-05 13:09:01', '2020-11-05 13:09:01'),
(79, 'Barcode Printer', 8, 'barcode-printer', 'barcode-printer-2020-11-05-5fa3fa348bf7e.jpg', 1, '2020-11-05 13:12:20', '2020-11-05 13:12:20'),
(80, 'ID Card Printer', 8, 'id-card-printer', 'id-card-printer-2020-11-05-5fa3fb4337f50.jpg', 1, '2020-11-05 13:16:51', '2020-11-05 13:16:51'),
(81, 'Dot Matrix Printer', 8, 'dot-matrix-printer', 'dot-matrix-printer-2020-11-05-5fa3fb9fdabc1.jpg', 1, '2020-11-05 13:18:23', '2020-11-05 13:18:23'),
(82, 'Digital Duplicator', 8, 'digital-duplicator', 'digital-duplicator-2020-11-05-5fa3fcca2ddcf.jpg', 1, '2020-11-05 13:23:22', '2020-11-05 13:23:22'),
(83, 'Copier Toner', 8, 'copier-toner', 'copier-toner-2020-11-05-5fa3fd536545e.jpg', 1, '2020-11-05 13:25:39', '2020-11-05 13:25:39'),
(84, 'Printer Cartridge', 8, 'printer-cartridge', 'printer-cartridge-2020-11-05-5fa3fdee9f84b.jpg', 1, '2020-11-05 13:28:14', '2020-11-05 13:28:14'),
(85, 'Thermal Paper Roll', 8, 'thermal-paper-roll', 'thermal-paper-roll-2020-11-05-5fa3feeef350e.jpg', 1, '2020-11-05 13:32:31', '2020-11-05 13:32:31'),
(86, 'PVC Card', 8, 'pvc-card', 'pvc-card-2020-11-05-5fa3ff5094680.jpg', 1, '2020-11-05 13:34:08', '2020-11-05 13:34:08'),
(87, 'Printer Paper', 8, 'printer-paper', 'printer-paper-2020-11-05-5fa3ffbd9ca1e.jpg', 1, '2020-11-05 13:35:57', '2020-11-05 13:35:57'),
(88, 'Copier Parts', 8, 'copier-parts', 'copier-parts-2020-11-05-5fa400875e163.jpg', 1, '2020-11-05 13:39:19', '2020-11-05 13:39:19');

-- --------------------------------------------------------

--
-- Table structure for table `users`
--

CREATE TABLE `users` (
  `id` int(10) UNSIGNED NOT NULL,
  `role_id` int(11) NOT NULL DEFAULT 2,
  `is_seller` tinyint(1) NOT NULL DEFAULT 0,
  `seller_req` tinyint(1) NOT NULL DEFAULT 0,
  `name` varchar(255) COLLATE utf8mb4_unicode_ci NOT NULL,
  `email` varchar(255) COLLATE utf8mb4_unicode_ci NOT NULL,
  `email_verified_at` timestamp NULL DEFAULT NULL,
  `phone` varchar(255) COLLATE utf8mb4_unicode_ci DEFAULT NULL,
  `password` varchar(255) COLLATE utf8mb4_unicode_ci NOT NULL,
  `img` varchar(255) COLLATE utf8mb4_unicode_ci NOT NULL DEFAULT 'user.jpg',
  `gender` varchar(255) COLLATE utf8mb4_unicode_ci NOT NULL DEFAULT 'male',
  `address` text COLLATE utf8mb4_unicode_ci DEFAULT NULL,
  `city` varchar(255) COLLATE utf8mb4_unicode_ci DEFAULT NULL,
  `country` varchar(255) COLLATE utf8mb4_unicode_ci DEFAULT NULL,
  `about` text COLLATE utf8mb4_unicode_ci DEFAULT NULL,
  `remember_token` varchar(100) COLLATE utf8mb4_unicode_ci DEFAULT NULL,
  `created_at` timestamp NULL DEFAULT NULL,
  `updated_at` timestamp NULL DEFAULT NULL
) ENGINE=InnoDB DEFAULT CHARSET=utf8mb4 COLLATE=utf8mb4_unicode_ci;

--
-- Dumping data for table `users`
--

INSERT INTO `users` (`id`, `role_id`, `is_seller`, `seller_req`, `name`, `email`, `email_verified_at`, `phone`, `password`, `img`, `gender`, `address`, `city`, `country`, `about`, `remember_token`, `created_at`, `updated_at`) VALUES
(1, 1, 0, 0, 'Abdur Rahim', 'admin@gmail.com', NULL, NULL, '$2y$10$LPAewUI3pEjAhgyms3Znnu2M1FljlePXy/UmGHHtJj7GaG9/KQhaS', 'user.jpg', 'male', NULL, NULL, NULL, NULL, 'BTmSQSaYmh6Jvqbd5tL3m439IKponKAutii44EskR6yBjm3CDt6V3GAqX1NR', '2020-08-31 18:30:50', '2020-08-31 18:30:56'),
(2, 2, 0, 0, 'Abdur Rahim', 'client@gmail.com', NULL, '01737429252', '$2y$10$LPAewUI3pEjAhgyms3Znnu2M1FljlePXy/UmGHHtJj7GaG9/KQhaS', 'user.jpg', 'male', 'North Machimpur', 'Comilla', 'Bangladesh', NULL, 'XqCyskFSFESEbc0qQi2DiFP1CwzmWStvOGlGfXEQMElqSHi5r6jRwcZ78oyt', '2020-08-31 18:31:01', '2020-10-29 13:49:23'),
(3, 2, 0, 0, 'Filiberto Paucek I', 'ericakemper@roadrunner.com', NULL, NULL, '$2y$10$L2Jx/uulHShlclkOQJwLRu/6Ci.NkMN7UwwZzzV7WZRGipKNvVDCq', 'user.jpg', 'male', NULL, NULL, NULL, NULL, NULL, '2020-09-30 23:42:56', '2020-09-30 23:42:56'),
(4, 2, 0, 0, 'Frankie Walter', 'lafon.tuck@aol.com', NULL, NULL, '$2y$10$VSXSQCUJBFBl/CnxE41UoOtFC9vPfVmWvM/QUKO1a.nig5.AJ/w8e', 'user.jpg', 'male', NULL, NULL, NULL, NULL, NULL, '2020-10-05 00:04:08', '2020-10-05 00:04:08'),
(5, 2, 0, 0, 'Riazul islam', 'skriaz30@gmail.com', NULL, '+8801628440537', '$2y$10$JqrRPRRYzCJzIg3c.Luh/eSFta7M0l.dLcjpzOphm3IAodcZals.W', 'user.jpg', 'male', 'Bangladesh\r\n1421', 'Narayanganj', 'Bangladesh', NULL, NULL, '2020-10-07 10:14:09', '2020-10-07 10:15:02'),
(6, 2, 1, 1, 'Madani Traders', 'madanipc005@gmail.com', NULL, NULL, '$2y$10$PEw3VAk6JMBkutmUauzfJO7tSFt3UtagZ0mgwddSnLaRQy38UCGJS', 'user.jpg', 'male', NULL, NULL, NULL, NULL, NULL, '2020-10-10 04:50:49', '2020-10-31 12:51:40'),
(7, 2, 0, 0, 'Quincy Mosciski', 'robiaaltaf2014@yahoo.com', NULL, NULL, '$2y$10$bTtC1sU/ONprlQwVeYGoyuaqZKwIPhuyZCPOPxxe.LGHq9vFqTFky', 'user.jpg', 'male', NULL, NULL, NULL, NULL, NULL, '2020-10-10 23:25:46', '2020-10-10 23:25:46'),
(8, 2, 0, 0, 'Dee Turner Sr.', 'dcriley58@yahoo.com', NULL, NULL, '$2y$10$W3mOr7B2qTdD4opPjXxSOur7DOUPFlpoq52ERXa.785jo/1qRVV6O', 'user.jpg', 'male', NULL, NULL, NULL, NULL, NULL, '2020-10-16 08:12:35', '2020-10-16 08:12:35'),
(9, 2, 0, 0, 'Hershel Mann', 'wtfbc22@gmail.com', NULL, NULL, '$2y$10$4egoY2jr0k5jfbcU7shZRea6U7KTBfJeGL0z09GP7OIBYn1NUicBC', 'user.jpg', 'male', NULL, NULL, NULL, NULL, NULL, '2020-10-23 17:54:12', '2020-10-23 17:54:12'),
(10, 2, 0, 0, 'Darion Blick', 'payments@raindropsco.com', NULL, NULL, '$2y$10$HzZEv7QR5e0xh4vHiRRQbeolx5ziVveERKNu5KMZ2fur3478WynHu', 'user.jpg', 'male', NULL, NULL, NULL, NULL, NULL, '2020-10-27 07:32:33', '2020-10-27 07:32:33'),
(11, 2, 0, 0, 'Reynold Bins', 'tina.fink@wustl.edu', NULL, NULL, '$2y$10$.DRyWloNTQYYcVc7Kvh6H.6SrYl9wkx1TkkRPE9IW5poVbPi9npua', 'user.jpg', 'male', NULL, NULL, NULL, NULL, NULL, '2020-10-28 20:29:14', '2020-10-28 20:29:14'),
(12, 2, 0, 0, 'Alison Treutel', 'kppony33@yahoo.com', NULL, NULL, '$2y$10$5wfPGeOGMyDYcvhj3y69juY6RoFzB9JELs2rTEctix4HCot2D7YFm', 'user.jpg', 'male', NULL, NULL, NULL, NULL, NULL, '2020-10-29 15:06:52', '2020-10-29 15:06:52'),
(13, 2, 0, 0, 'Gregorio Vandervort', '5125964681@vzwpix.com', NULL, NULL, '$2y$10$bCAXuxI9msGSy.pibNoiY.RS/Yn6LY9JzRpt6l3HpllqUZwoVeWLG', 'user.jpg', 'male', NULL, NULL, NULL, NULL, NULL, '2020-10-31 17:53:20', '2020-10-31 17:53:20'),
(14, 2, 0, 0, 'Carol Tillman', 'normajazz@optonline.net', NULL, NULL, '$2y$10$0op3PExaLHbjYQF79NKMaOaFahuizgDWqe4c9glrDZVdZMatnODkq', 'user.jpg', 'male', NULL, NULL, NULL, NULL, NULL, '2020-11-03 09:49:17', '2020-11-03 09:49:17'),
(15, 2, 0, 0, 'Delilah Weimann', 'johnraychaney@gmail.com', NULL, NULL, '$2y$10$pvg1vbKX897YVs7BGIhydu9eSYzqiYDdbdJO5MBP9ZXZ706jwi8EK', 'user.jpg', 'male', NULL, NULL, NULL, NULL, NULL, '2020-11-03 15:59:57', '2020-11-03 15:59:57'),
(16, 2, 0, 0, 'Wayne Barrows', 'shewhotrolls@gmail.com', NULL, NULL, '$2y$10$B/zXgWgcZEc8CbGLRxHmrOFWoYEkC7CSXes0V/ZxbZ3J77.FKRTuS', 'user.jpg', 'male', NULL, NULL, NULL, NULL, NULL, '2020-11-03 23:35:31', '2020-11-03 23:35:31'),
(17, 2, 0, 0, 'Miss Ricardo Kuhlman', 'r_bart@yahoo.com', NULL, NULL, '$2y$10$AAY1n6AHLLz/n/9DmSRVHe1GdluYUYfIf3jPJTXSiZ2OKSYj.gM.W', 'user.jpg', 'male', NULL, NULL, NULL, NULL, NULL, '2020-11-12 18:27:18', '2020-11-12 18:27:18'),
(18, 2, 0, 0, 'Dorcas Price', 'krissy503@aol.com', NULL, NULL, '$2y$10$PMD1Zb9lBnlex/8EnwexYuw2ik3gzWvGszK1eagkN.uHgwTPOQs36', 'user.jpg', 'male', NULL, NULL, NULL, NULL, NULL, '2020-11-14 12:18:08', '2020-11-14 12:18:08'),
(19, 2, 0, 0, 'Demario Friesen', 'arnold.bloem@t-online.de', NULL, NULL, '$2y$10$DBdVMNjEgBfZgltwT3Sm1.qGBluh.CpuOJ83SasdlaoZSoNkoYS5G', 'user.jpg', 'male', NULL, NULL, NULL, NULL, NULL, '2020-11-16 00:43:45', '2020-11-16 00:43:45'),
(20, 2, 0, 0, 'Eula Jakubowski', 'maronovitz@backbaysign.com', NULL, NULL, '$2y$10$tPmzVeZJl6UJNBhHQ5DoIuWATd3SbVTafMRE.b8RsgEmlaBskEAj2', 'user.jpg', 'male', NULL, NULL, NULL, NULL, NULL, '2020-11-18 00:32:21', '2020-11-18 00:32:21'),
(21, 2, 0, 0, 'Miss Stacey Hirthe', 'Dexter_Hudson@hotmail.com', NULL, NULL, '$2y$10$JRvOjSp3DX7NEFd6KCLKleU2fvjyc/OusDU/SLFRARYB4L4Hvt156', 'user.jpg', 'male', NULL, NULL, NULL, NULL, NULL, '2020-11-18 08:19:13', '2020-11-18 08:19:13'),
(22, 2, 0, 0, 'Cassandre Zieme', 'lsnare5@yahoo.com', NULL, NULL, '$2y$10$ozACe5LOk.D3lDLKRVu8DOdolIYAQP43B4Qtatn84PkVp6xocsRhO', 'user.jpg', 'male', NULL, NULL, NULL, NULL, NULL, '2020-11-23 16:28:16', '2020-11-23 16:28:16'),
(23, 2, 0, 0, 'Erica Roob Sr.', 'stipe_8@yahoo.com', NULL, NULL, '$2y$10$xFRT0r1nUSLD0ZPIAmLpGubNKBUHJawt/2Vcp7kMbMugHQp5Ic/Zm', 'user.jpg', 'male', NULL, NULL, NULL, NULL, NULL, '2020-11-24 22:32:57', '2020-11-24 22:32:57'),
(24, 2, 0, 0, 'Lucile Berge', 'quebb@aol.com', NULL, NULL, '$2y$10$mkyECsize/X6kUMJCU.PAO3fjXv4oiZEf/mDaCQhKXnLsBZqbWB2W', 'user.jpg', 'male', NULL, NULL, NULL, NULL, NULL, '2020-11-25 17:59:28', '2020-11-25 17:59:28');

--
-- Indexes for dumped tables
--

--
-- Indexes for table `blogs`
--
ALTER TABLE `blogs`
  ADD PRIMARY KEY (`id`),
  ADD UNIQUE KEY `blogs_slug_unique` (`slug`);

--
-- Indexes for table `brands`
--
ALTER TABLE `brands`
  ADD PRIMARY KEY (`id`),
  ADD UNIQUE KEY `brands_slug_unique` (`slug`),
  ADD KEY `brands_subcategory_id_foreign` (`Subcategory_id`);

--
-- Indexes for table `categories`
--
ALTER TABLE `categories`
  ADD PRIMARY KEY (`id`),
  ADD UNIQUE KEY `categories_slug_unique` (`slug`);

--
-- Indexes for table `failed_jobs`
--
ALTER TABLE `failed_jobs`
  ADD PRIMARY KEY (`id`);

--
-- Indexes for table `features`
--
ALTER TABLE `features`
  ADD PRIMARY KEY (`id`),
  ADD KEY `features_subcategory_id_foreign` (`subcategory_id`);

--
-- Indexes for table `feature_values`
--
ALTER TABLE `feature_values`
  ADD PRIMARY KEY (`id`),
  ADD KEY `feature_values_feature_id_foreign` (`feature_id`),
  ADD KEY `feature_values_item_id_foreign` (`item_id`);

--
-- Indexes for table `items`
--
ALTER TABLE `items`
  ADD PRIMARY KEY (`id`),
  ADD KEY `items_stall_id_foreign` (`stall_id`);

--
-- Indexes for table `item_user`
--
ALTER TABLE `item_user`
  ADD PRIMARY KEY (`id`),
  ADD KEY `item_user_item_id_foreign` (`item_id`);

--
-- Indexes for table `migrations`
--
ALTER TABLE `migrations`
  ADD PRIMARY KEY (`id`);

--
-- Indexes for table `pages`
--
ALTER TABLE `pages`
  ADD PRIMARY KEY (`id`);

--
-- Indexes for table `password_resets`
--
ALTER TABLE `password_resets`
  ADD KEY `password_resets_email_index` (`email`);

--
-- Indexes for table `permissions`
--
ALTER TABLE `permissions`
  ADD PRIMARY KEY (`id`);

--
-- Indexes for table `roles`
--
ALTER TABLE `roles`
  ADD PRIMARY KEY (`id`);

--
-- Indexes for table `settings`
--
ALTER TABLE `settings`
  ADD PRIMARY KEY (`id`);

--
-- Indexes for table `stalls`
--
ALTER TABLE `stalls`
  ADD PRIMARY KEY (`id`),
  ADD KEY `stalls_user_id_foreign` (`user_id`);

--
-- Indexes for table `subcategories`
--
ALTER TABLE `subcategories`
  ADD PRIMARY KEY (`id`),
  ADD UNIQUE KEY `subcategories_slug_unique` (`slug`),
  ADD KEY `subcategories_category_id_foreign` (`Category_id`);

--
-- Indexes for table `users`
--
ALTER TABLE `users`
  ADD PRIMARY KEY (`id`),
  ADD UNIQUE KEY `users_email_unique` (`email`);

--
-- AUTO_INCREMENT for dumped tables
--

--
-- AUTO_INCREMENT for table `blogs`
--
ALTER TABLE `blogs`
  MODIFY `id` int(10) UNSIGNED NOT NULL AUTO_INCREMENT;

--
-- AUTO_INCREMENT for table `brands`
--
ALTER TABLE `brands`
  MODIFY `id` bigint(20) UNSIGNED NOT NULL AUTO_INCREMENT, AUTO_INCREMENT=63;

--
-- AUTO_INCREMENT for table `categories`
--
ALTER TABLE `categories`
  MODIFY `id` bigint(20) UNSIGNED NOT NULL AUTO_INCREMENT, AUTO_INCREMENT=9;

--
-- AUTO_INCREMENT for table `failed_jobs`
--
ALTER TABLE `failed_jobs`
  MODIFY `id` bigint(20) UNSIGNED NOT NULL AUTO_INCREMENT;

--
-- AUTO_INCREMENT for table `features`
--
ALTER TABLE `features`
  MODIFY `id` bigint(20) UNSIGNED NOT NULL AUTO_INCREMENT, AUTO_INCREMENT=304;

--
-- AUTO_INCREMENT for table `feature_values`
--
ALTER TABLE `feature_values`
  MODIFY `id` bigint(20) UNSIGNED NOT NULL AUTO_INCREMENT, AUTO_INCREMENT=331;

--
-- AUTO_INCREMENT for table `items`
--
ALTER TABLE `items`
  MODIFY `id` bigint(20) UNSIGNED NOT NULL AUTO_INCREMENT, AUTO_INCREMENT=53;

--
-- AUTO_INCREMENT for table `item_user`
--
ALTER TABLE `item_user`
  MODIFY `id` bigint(20) UNSIGNED NOT NULL AUTO_INCREMENT, AUTO_INCREMENT=4;

--
-- AUTO_INCREMENT for table `migrations`
--
ALTER TABLE `migrations`
  MODIFY `id` int(10) UNSIGNED NOT NULL AUTO_INCREMENT;

--
-- AUTO_INCREMENT for table `pages`
--
ALTER TABLE `pages`
  MODIFY `id` bigint(20) UNSIGNED NOT NULL AUTO_INCREMENT;

--
-- AUTO_INCREMENT for table `permissions`
--
ALTER TABLE `permissions`
  MODIFY `id` bigint(20) UNSIGNED NOT NULL AUTO_INCREMENT;

--
-- AUTO_INCREMENT for table `roles`
--
ALTER TABLE `roles`
  MODIFY `id` int(10) UNSIGNED NOT NULL AUTO_INCREMENT, AUTO_INCREMENT=3;

--
-- AUTO_INCREMENT for table `settings`
--
ALTER TABLE `settings`
  MODIFY `id` bigint(20) UNSIGNED NOT NULL AUTO_INCREMENT, AUTO_INCREMENT=2;

--
-- AUTO_INCREMENT for table `stalls`
--
ALTER TABLE `stalls`
  MODIFY `id` bigint(20) UNSIGNED NOT NULL AUTO_INCREMENT, AUTO_INCREMENT=2;

--
-- AUTO_INCREMENT for table `subcategories`
--
ALTER TABLE `subcategories`
  MODIFY `id` int(10) UNSIGNED NOT NULL AUTO_INCREMENT, AUTO_INCREMENT=89;

--
-- AUTO_INCREMENT for table `users`
--
ALTER TABLE `users`
  MODIFY `id` int(10) UNSIGNED NOT NULL AUTO_INCREMENT, AUTO_INCREMENT=25;

--
-- Constraints for dumped tables
--

--
-- Constraints for table `brands`
--
ALTER TABLE `brands`
  ADD CONSTRAINT `brands_subcategory_id_foreign` FOREIGN KEY (`Subcategory_id`) REFERENCES `subcategories` (`id`) ON DELETE CASCADE;

--
-- Constraints for table `features`
--
ALTER TABLE `features`
  ADD CONSTRAINT `features_subcategory_id_foreign` FOREIGN KEY (`subcategory_id`) REFERENCES `subcategories` (`id`) ON DELETE CASCADE;

--
-- Constraints for table `feature_values`
--
ALTER TABLE `feature_values`
  ADD CONSTRAINT `feature_values_feature_id_foreign` FOREIGN KEY (`feature_id`) REFERENCES `features` (`id`) ON DELETE CASCADE,
  ADD CONSTRAINT `feature_values_item_id_foreign` FOREIGN KEY (`item_id`) REFERENCES `items` (`id`) ON DELETE CASCADE;

--
-- Constraints for table `items`
--
ALTER TABLE `items`
  ADD CONSTRAINT `items_stall_id_foreign` FOREIGN KEY (`stall_id`) REFERENCES `stalls` (`id`) ON DELETE CASCADE;

--
-- Constraints for table `item_user`
--
ALTER TABLE `item_user`
  ADD CONSTRAINT `item_user_item_id_foreign` FOREIGN KEY (`item_id`) REFERENCES `items` (`id`) ON DELETE CASCADE;

--
-- Constraints for table `stalls`
--
ALTER TABLE `stalls`
  ADD CONSTRAINT `stalls_user_id_foreign` FOREIGN KEY (`user_id`) REFERENCES `users` (`id`) ON DELETE CASCADE;

--
-- Constraints for table `subcategories`
--
ALTER TABLE `subcategories`
  ADD CONSTRAINT `subcategories_category_id_foreign` FOREIGN KEY (`Category_id`) REFERENCES `categories` (`id`) ON DELETE CASCADE;
COMMIT;

/*!40101 SET CHARACTER_SET_CLIENT=@OLD_CHARACTER_SET_CLIENT */;
/*!40101 SET CHARACTER_SET_RESULTS=@OLD_CHARACTER_SET_RESULTS */;
/*!40101 SET COLLATION_CONNECTION=@OLD_COLLATION_CONNECTION */;
